Name,Length,Median Selection,Num Pivots,Used Insertion Sort,Insertion Sort Threshold,Time,Comparisons,Swaps
ClassicQuicksort,10,1,1,False,10,0.000124,27,15
ClassicQuicksort,10,1,1,True,17,0.000060,28,19
ClassicQuicksort,10,2,1,False,10,0.000299,21,19
ClassicQuicksort,10,2,1,True,17,0.000087,28,19
ClassicQuicksort,10,3,1,False,10,0.000224,29,22
ClassicQuicksort,10,3,1,True,17,0.000119,28,19
DualPivotQuicksort,10,1,2,False,10,0.000322,29,13
DualPivotQuicksort,10,1,2,True,17,0.000136,28,19
OptimalDualPivotQuicksort,10,1,2,False,10,0.000162,28,13
OptimalDualPivotQuicksort,10,1,2,True,17,0.000154,28,19
DualPivotQuicksort,10,2,2,False,10,0.000267,41,23
DualPivotQuicksort,10,2,2,True,17,0.000117,28,19
OptimalDualPivotQuicksort,10,2,2,False,10,0.002694,40,23
OptimalDualPivotQuicksort,10,2,2,True,17,0.000081,28,19
YaroslavskiyQuicksort,10,1,2,True,17,0.000196,28,19
ThreePivotQuicksort,10,1,3,True,13,0.000203,28,19
MPivotQuicksort,10,1,3,True,13,0.002356,28,19
HeapOptimizedMPivotQuicksort,10,1,3,True,13,0.001226,28,19
MPivotQuicksort,10,1,4,True,13,0.000156,28,19
HeapOptimizedMPivotQuicksort,10,1,4,True,13,0.000172,28,19
MPivotQuicksort,10,1,5,True,13,0.000129,28,19
HeapOptimizedMPivotQuicksort,10,1,5,True,13,0.000138,28,19
MPivotQuicksort,10,1,6,True,13,0.000146,28,19
HeapOptimizedMPivotQuicksort,10,1,6,True,13,0.000148,28,19
Name,Length,Median Selection,Num Pivots,Used Insertion Sort,Insertion Sort Threshold,Time,Comparisons,Swaps
ClassicQuicksort,1007,1,1,False,10,0.085553,11583,6626
ClassicQuicksort,1007,1,1,True,17,0.001789,12186,7237
ClassicQuicksort,1007,2,1,False,10,0.584279,10573,5895
ClassicQuicksort,1007,2,1,True,17,0.597670,11367,6489
ClassicQuicksort,1007,3,1,False,10,0.309946,10913,6707
ClassicQuicksort,1007,3,1,True,17,0.002430,11278,7073
DualPivotQuicksort,1007,1,2,False,10,0.003005,11138,4759
DualPivotQuicksort,1007,1,2,True,17,0.001915,11393,5292
OptimalDualPivotQuicksort,1007,1,2,False,10,0.712151,10927,4759
OptimalDualPivotQuicksort,1007,1,2,True,17,0.002191,11202,5292
DualPivotQuicksort,1007,2,2,False,10,0.008878,11013,4989
DualPivotQuicksort,1007,2,2,True,17,0.016316,10748,5085
OptimalDualPivotQuicksort,1007,2,2,False,10,0.512586,10888,4989
OptimalDualPivotQuicksort,1007,2,2,True,17,0.000937,10615,5085
YaroslavskiyQuicksort,1007,1,2,True,17,0.065662,10813,4625
ThreePivotQuicksort,1007,1,3,True,13,1.966293,13845,4764
MPivotQuicksort,1007,1,3,True,13,0.022100,12034,5464
HeapOptimizedMPivotQuicksort,1007,1,3,True,13,0.664599,15797,6872
MPivotQuicksort,1007,1,4,True,13,0.001535,12934,5641
HeapOptimizedMPivotQuicksort,1007,1,4,True,13,0.002541,15232,6781
MPivotQuicksort,1007,1,5,True,13,0.001624,13017,5480
HeapOptimizedMPivotQuicksort,1007,1,5,True,13,0.035934,15252,6355
MPivotQuicksort,1007,1,6,True,13,0.002058,15717,5612
HeapOptimizedMPivotQuicksort,1007,1,6,True,13,0.001921,16635,6558
Name,Length,Median Selection,Num Pivots,Used Insertion Sort,Insertion Sort Threshold,Time,Comparisons,Swaps
ClassicQuicksort,104,1,1,False,10,0.006689,682,387
ClassicQuicksort,104,1,1,True,17,0.000879,758,447
ClassicQuicksort,104,2,1,False,10,0.004824,606,364
ClassicQuicksort,104,2,1,True,17,0.007696,704,422
ClassicQuicksort,104,3,1,False,10,0.003806,698,414
ClassicQuicksort,104,3,1,True,17,0.003541,739,456
DualPivotQuicksort,104,1,2,False,10,0.003045,622,314
DualPivotQuicksort,104,1,2,True,17,0.006952,641,362
OptimalDualPivotQuicksort,104,1,2,False,10,0.001865,624,314
OptimalDualPivotQuicksort,104,1,2,True,17,0.007637,643,362
DualPivotQuicksort,104,2,2,False,10,0.005764,698,374
DualPivotQuicksort,104,2,2,True,17,0.005478,690,386
OptimalDualPivotQuicksort,104,2,2,False,10,0.003327,698,374
OptimalDualPivotQuicksort,104,2,2,True,17,0.004177,688,386
YaroslavskiyQuicksort,104,1,2,True,17,0.004763,628,306
ThreePivotQuicksort,104,1,3,True,13,0.004375,846,359
MPivotQuicksort,104,1,3,True,13,0.002728,772,391
HeapOptimizedMPivotQuicksort,104,1,3,True,13,0.010775,1089,522
MPivotQuicksort,104,1,4,True,13,0.002654,891,416
HeapOptimizedMPivotQuicksort,104,1,4,True,13,0.007464,1069,467
MPivotQuicksort,104,1,5,True,13,0.001283,864,376
HeapOptimizedMPivotQuicksort,104,1,5,True,13,0.002043,1034,450
MPivotQuicksort,104,1,6,True,13,0.002325,928,483
HeapOptimizedMPivotQuicksort,104,1,6,True,13,0.001823,1177,536
Name,Length,Median Selection,Num Pivots,Used Insertion Sort,Insertion Sort Threshold,Time,Comparisons,Swaps
ClassicQuicksort,1146260,1,1,False,10,2.608588,28878208,14593232
ClassicQuicksort,1146260,1,1,True,17,2.108434,29695783,15557288
ClassicQuicksort,1146260,2,1,False,10,2.468627,29601286,15361546
ClassicQuicksort,1146260,2,1,True,17,2.502358,30419188,15874406
ClassicQuicksort,1146260,3,1,False,10,2.457262,25934457,13846177
ClassicQuicksort,1146260,3,1,True,17,3.093574,26217246,14189582
DualPivotQuicksort,1146260,1,2,False,10,2.316382,27552302,9752922
DualPivotQuicksort,1146260,1,2,True,17,1.756223,27924014,10467873
OptimalDualPivotQuicksort,1146260,1,2,False,10,3.030736,26752842,9752922
OptimalDualPivotQuicksort,1146260,1,2,True,17,3.203348,27143485,10467873
DualPivotQuicksort,1146260,2,2,False,10,1.831256,26046042,10074781
DualPivotQuicksort,1146260,2,2,True,17,1.482058,25734531,10167035
OptimalDualPivotQuicksort,1146260,2,2,False,10,2.415553,25560207,10074781
OptimalDualPivotQuicksort,1146260,2,2,True,17,2.539270,25242591,10167035
YaroslavskiyQuicksort,1146260,1,2,True,17,1.494410,25756057,10439740
ThreePivotQuicksort,1146260,1,3,True,13,4.906744,35629333,10601841
MPivotQuicksort,1146260,1,3,True,13,1.958673,28728752,11286727
HeapOptimizedMPivotQuicksort,1146260,1,3,True,13,3.697269,38359951,15971959
MPivotQuicksort,1146260,1,4,True,13,2.028432,30364818,10694261
HeapOptimizedMPivotQuicksort,1146260,1,4,True,13,4.973799,38621218,14160992
MPivotQuicksort,1146260,1,5,True,13,1.887625,31487441,10471516
HeapOptimizedMPivotQuicksort,1146260,1,5,True,13,7.412662,38872464,13656604
MPivotQuicksort,1146260,1,6,True,13,7.566356,32893818,10590036
HeapOptimizedMPivotQuicksort,1146260,1,6,True,13,5.677912,40537951,13170814
Name,Length,Median Selection,Num Pivots,Used Insertion Sort,Insertion Sort Threshold,Time,Comparisons,Swaps
ClassicQuicksort,119394,1,1,False,10,0.548946,2603064,1312753
ClassicQuicksort,119394,1,1,True,17,0.607426,2688171,1412372
ClassicQuicksort,119394,2,1,False,10,1.034502,2345213,1285363
ClassicQuicksort,119394,2,1,True,17,1.556934,2430707,1339602
ClassicQuicksort,119394,3,1,False,10,0.446405,2208805,1131282
ClassicQuicksort,119394,3,1,True,17,0.478750,2238738,1167764
DualPivotQuicksort,119394,1,2,False,10,0.377830,2346831,820520
DualPivotQuicksort,119394,1,2,True,17,0.637765,2384534,893961
OptimalDualPivotQuicksort,119394,1,2,False,10,1.488671,2293713,820520
OptimalDualPivotQuicksort,119394,1,2,True,17,1.250856,2333423,893961
DualPivotQuicksort,119394,2,2,False,10,2.579585,2263069,887038
DualPivotQuicksort,119394,2,2,True,17,0.823094,2230833,896895
OptimalDualPivotQuicksort,119394,2,2,False,10,0.675586,2236134,887038
OptimalDualPivotQuicksort,119394,2,2,True,17,0.572348,2203331,896895
YaroslavskiyQuicksort,119394,1,2,True,17,1.538007,2302636,919945
ThreePivotQuicksort,119394,1,3,True,13,2.358561,3143434,945252
MPivotQuicksort,119394,1,3,True,13,0.258045,2418744,988630
HeapOptimizedMPivotQuicksort,119394,1,3,True,13,0.486648,3360049,1412055
MPivotQuicksort,119394,1,4,True,13,0.299526,2663817,972652
HeapOptimizedMPivotQuicksort,119394,1,4,True,13,0.726009,3360251,1312276
MPivotQuicksort,119394,1,5,True,13,0.284399,2833294,942197
HeapOptimizedMPivotQuicksort,119394,1,5,True,13,0.464264,3505373,1216143
MPivotQuicksort,119394,1,6,True,13,0.232483,2978485,985200
HeapOptimizedMPivotQuicksort,119394,1,6,True,13,0.465647,3511607,1211975
Name,Length,Median Selection,Num Pivots,Used Insertion Sort,Insertion Sort Threshold,Time,Comparisons,Swaps
ClassicQuicksort,12436,1,1,False,10,0.925400,203896,107935
ClassicQuicksort,12436,1,1,True,17,2.663727,212846,118189
ClassicQuicksort,12436,2,1,False,10,1.280954,196681,100062
ClassicQuicksort,12436,2,1,True,17,0.129370,205630,105957
ClassicQuicksort,12436,3,1,False,10,2.489579,178598,103844
ClassicQuicksort,12436,3,1,True,17,2.284532,181366,107281
DualPivotQuicksort,12436,1,2,False,10,0.450603,197071,70084
DualPivotQuicksort,12436,1,2,True,17,0.676435,201154,78020
OptimalDualPivotQuicksort,12436,1,2,False,10,1.861497,192192,70084
OptimalDualPivotQuicksort,12436,1,2,True,17,0.579416,196520,78020
DualPivotQuicksort,12436,2,2,False,10,0.068202,190810,82616
DualPivotQuicksort,12436,2,2,True,17,0.053235,187098,83348
OptimalDualPivotQuicksort,12436,2,2,False,10,0.353040,187396,82616
OptimalDualPivotQuicksort,12436,2,2,True,17,0.956079,183624,83348
YaroslavskiyQuicksort,12436,1,2,True,17,1.756760,183017,82756
ThreePivotQuicksort,12436,1,3,True,13,1.982276,252457,81080
MPivotQuicksort,12436,1,3,True,13,1.875721,199287,88818
HeapOptimizedMPivotQuicksort,12436,1,3,True,13,2.313551,281524,125515
MPivotQuicksort,12436,1,4,True,13,0.859579,225036,82068
HeapOptimizedMPivotQuicksort,12436,1,4,True,13,1.634482,272376,107135
MPivotQuicksort,12436,1,5,True,13,0.561740,237975,85844
HeapOptimizedMPivotQuicksort,12436,1,5,True,13,2.347207,286373,104873
MPivotQuicksort,12436,1,6,True,13,0.382805,239698,85239
HeapOptimizedMPivotQuicksort,12436,1,6,True,13,0.674222,288938,104168
Name,Length,Median Selection,Num Pivots,Used Insertion Sort,Insertion Sort Threshold,Time,Comparisons,Swaps
ClassicQuicksort,1295,1,1,False,10,0.002212,13902,7072
ClassicQuicksort,1295,1,1,True,17,0.011636,14829,8194
ClassicQuicksort,1295,2,1,False,10,0.001781,14645,9403
ClassicQuicksort,1295,2,1,True,17,0.003143,15669,10187
ClassicQuicksort,1295,3,1,False,10,0.002744,14615,8871
ClassicQuicksort,1295,3,1,True,17,0.001863,14903,9221
DualPivotQuicksort,1295,1,2,False,10,0.001708,15626,5787
DualPivotQuicksort,1295,1,2,True,17,0.109642,15981,6705
OptimalDualPivotQuicksort,1295,1,2,False,10,0.094716,15238,5787
OptimalDualPivotQuicksort,1295,1,2,True,17,0.000762,15608,6705
DualPivotQuicksort,1295,2,2,False,10,0.009726,15245,6475
DualPivotQuicksort,1295,2,2,True,17,0.001542,14899,6667
OptimalDualPivotQuicksort,1295,2,2,False,10,0.009751,15123,6475
OptimalDualPivotQuicksort,1295,2,2,True,17,0.008541,14775,6667
YaroslavskiyQuicksort,1295,1,2,True,17,0.943971,14225,7109
ThreePivotQuicksort,1295,1,3,True,13,0.562460,18987,6587
MPivotQuicksort,1295,1,3,True,13,0.011251,16844,7288
HeapOptimizedMPivotQuicksort,1295,1,3,True,13,0.526506,20464,9127
MPivotQuicksort,1295,1,4,True,13,0.002073,18189,7185
HeapOptimizedMPivotQuicksort,1295,1,4,True,13,0.059540,20331,9079
MPivotQuicksort,1295,1,5,True,13,0.005015,17949,7587
HeapOptimizedMPivotQuicksort,1295,1,5,True,13,0.803714,21205,8697
MPivotQuicksort,1295,1,6,True,13,0.001661,19112,7262
HeapOptimizedMPivotQuicksort,1295,1,6,True,13,0.030499,22380,8326
Name,Length,Median Selection,Num Pivots,Used Insertion Sort,Insertion Sort Threshold,Time,Comparisons,Swaps
ClassicQuicksort,134,1,1,False,10,0.019566,972,674
ClassicQuicksort,134,1,1,True,17,0.003510,1049,768
ClassicQuicksort,134,2,1,False,10,0.001809,876,587
ClassicQuicksort,134,2,1,True,17,0.002465,989,688
ClassicQuicksort,134,3,1,False,10,0.003245,934,635
ClassicQuicksort,134,3,1,True,17,0.002351,980,683
DualPivotQuicksort,134,1,2,False,10,0.002663,1004,482
DualPivotQuicksort,134,1,2,True,17,0.008611,1031,553
OptimalDualPivotQuicksort,134,1,2,False,10,0.003437,1002,482
OptimalDualPivotQuicksort,134,1,2,True,17,0.013584,1029,553
DualPivotQuicksort,134,2,2,False,10,0.004577,1039,534
DualPivotQuicksort,134,2,2,True,17,0.001345,975,522
OptimalDualPivotQuicksort,134,2,2,False,10,0.011426,1036,534
OptimalDualPivotQuicksort,134,2,2,True,17,0.001426,972,522
YaroslavskiyQuicksort,134,1,2,True,17,0.003043,1077,518
ThreePivotQuicksort,134,1,3,True,13,0.009982,1256,478
MPivotQuicksort,134,1,3,True,13,0.002264,1099,562
HeapOptimizedMPivotQuicksort,134,1,3,True,13,0.005106,1384,696
MPivotQuicksort,134,1,4,True,13,0.001842,1086,558
HeapOptimizedMPivotQuicksort,134,1,4,True,13,0.012993,1355,683
MPivotQuicksort,134,1,5,True,13,0.002766,1280,579
HeapOptimizedMPivotQuicksort,134,1,5,True,13,0.002341,1362,628
MPivotQuicksort,134,1,6,True,13,0.004644,1290,568
HeapOptimizedMPivotQuicksort,134,1,6,True,13,0.001938,1493,619
Name,Length,Median Selection,Num Pivots,Used Insertion Sort,Insertion Sort Threshold,Time,Comparisons,Swaps
ClassicQuicksort,14,1,1,False,10,0.000331,40,31
ClassicQuicksort,14,1,1,True,17,0.000339,62,50
ClassicQuicksort,14,2,1,False,10,0.004342,37,30
ClassicQuicksort,14,2,1,True,17,0.000345,62,50
ClassicQuicksort,14,3,1,False,10,0.000537,47,38
ClassicQuicksort,14,3,1,True,17,0.002876,62,50
DualPivotQuicksort,14,1,2,False,10,0.000217,44,32
DualPivotQuicksort,14,1,2,True,17,0.000230,62,50
OptimalDualPivotQuicksort,14,1,2,False,10,0.000152,44,32
OptimalDualPivotQuicksort,14,1,2,True,17,0.000321,62,50
DualPivotQuicksort,14,2,2,False,10,0.000263,53,39
DualPivotQuicksort,14,2,2,True,17,0.000141,62,50
OptimalDualPivotQuicksort,14,2,2,False,10,0.000668,53,39
OptimalDualPivotQuicksort,14,2,2,True,17,0.000147,62,50
YaroslavskiyQuicksort,14,1,2,True,17,0.000165,62,50
ThreePivotQuicksort,14,1,3,True,13,0.000663,60,33
MPivotQuicksort,14,1,3,True,13,0.000552,57,33
HeapOptimizedMPivotQuicksort,14,1,3,True,13,0.000415,67,37
MPivotQuicksort,14,1,4,True,13,0.000323,65,49
HeapOptimizedMPivotQuicksort,14,1,4,True,13,0.000367,83,46
MPivotQuicksort,14,1,5,True,13,0.000341,75,54
HeapOptimizedMPivotQuicksort,14,1,5,True,13,0.000334,74,43
MPivotQuicksort,14,1,6,True,13,0.000351,88,71
HeapOptimizedMPivotQuicksort,14,1,6,True,13,0.000428,82,57
Name,Length,Median Selection,Num Pivots,Used Insertion Sort,Insertion Sort Threshold,Time,Comparisons,Swaps
ClassicQuicksort,1473763,1,1,False,10,3.633811,37564364,18810517
ClassicQuicksort,1473763,1,1,True,17,3.267996,38620467,20050661
ClassicQuicksort,1473763,2,1,False,10,3.659066,38482087,19104651
ClassicQuicksort,1473763,2,1,True,17,3.481515,39528128,19753254
ClassicQuicksort,1473763,3,1,False,10,2.798802,33994947,17655603
ClassicQuicksort,1473763,3,1,True,17,2.341387,34359781,18093762
DualPivotQuicksort,1473763,1,2,False,10,2.390497,36581801,12559305
DualPivotQuicksort,1473763,1,2,True,17,2.780568,37055835,13469265
OptimalDualPivotQuicksort,1473763,1,2,False,10,4.167975,35467450,12559305
OptimalDualPivotQuicksort,1473763,1,2,True,17,3.221058,35966232,13469265
DualPivotQuicksort,1473763,2,2,False,10,2.573652,35116763,13164826
DualPivotQuicksort,1473763,2,2,True,17,2.822074,34717887,13289880
OptimalDualPivotQuicksort,1473763,2,2,False,10,4.947897,34077106,13164826
OptimalDualPivotQuicksort,1473763,2,2,True,17,4.197532,33670649,13289880
YaroslavskiyQuicksort,1473763,1,2,True,17,2.664528,34175015,12965798
ThreePivotQuicksort,1473763,1,3,True,13,6.867074,48406357,14359302
MPivotQuicksort,1473763,1,3,True,13,2.566820,37014438,14414224
HeapOptimizedMPivotQuicksort,1473763,1,3,True,13,5.347033,51346189,20615097
MPivotQuicksort,1473763,1,4,True,13,2.671045,39731011,14185053
HeapOptimizedMPivotQuicksort,1473763,1,4,True,13,4.798115,50776369,18650321
MPivotQuicksort,1473763,1,5,True,13,2.679823,43077043,13268523
HeapOptimizedMPivotQuicksort,1473763,1,5,True,13,6.176901,53189992,18018190
MPivotQuicksort,1473763,1,6,True,13,2.902536,45406787,13575905
HeapOptimizedMPivotQuicksort,1473763,1,6,True,13,5.459286,55357082,17341570
Name,Length,Median Selection,Num Pivots,Used Insertion Sort,Insertion Sort Threshold,Time,Comparisons,Swaps
ClassicQuicksort,153506,1,1,False,10,0.360682,3149837,1684112
ClassicQuicksort,153506,1,1,True,17,0.251258,3259006,1812477
ClassicQuicksort,153506,2,1,False,10,0.343186,3207147,1702993
ClassicQuicksort,153506,2,1,True,17,0.358405,3315672,1770762
ClassicQuicksort,153506,3,1,False,10,0.367210,2960180,1687740
ClassicQuicksort,153506,3,1,True,17,0.231288,2999425,1734443
DualPivotQuicksort,153506,1,2,False,10,0.294003,3081227,1077631
DualPivotQuicksort,153506,1,2,True,17,0.249174,3130876,1173045
OptimalDualPivotQuicksort,153506,1,2,False,10,0.438839,2996039,1077631
OptimalDualPivotQuicksort,153506,1,2,True,17,0.402188,3048163,1173045
DualPivotQuicksort,153506,2,2,False,10,0.235924,2996327,1140306
DualPivotQuicksort,153506,2,2,True,17,0.226862,2954662,1153610
OptimalDualPivotQuicksort,153506,2,2,False,10,0.346283,2935513,1140306
OptimalDualPivotQuicksort,153506,2,2,True,17,0.278906,2893324,1153610
YaroslavskiyQuicksort,153506,1,2,True,17,0.305966,2950705,1211421
ThreePivotQuicksort,153506,1,3,True,13,2.410398,4065546,1226698
MPivotQuicksort,153506,1,3,True,13,0.509789,3330241,1293476
HeapOptimizedMPivotQuicksort,153506,1,3,True,13,0.552782,4402460,1811201
MPivotQuicksort,153506,1,4,True,13,0.322644,3441938,1265726
HeapOptimizedMPivotQuicksort,153506,1,4,True,13,0.937244,4295007,1650724
MPivotQuicksort,153506,1,5,True,13,0.284904,3659067,1241720
HeapOptimizedMPivotQuicksort,153506,1,5,True,13,0.942205,4538001,1605529
MPivotQuicksort,153506,1,6,True,13,0.770826,3953785,1233380
HeapOptimizedMPivotQuicksort,153506,1,6,True,13,2.030799,4721226,1530067
Name,Length,Median Selection,Num Pivots,Used Insertion Sort,Insertion Sort Threshold,Time,Comparisons,Swaps
ClassicQuicksort,15989,1,1,False,10,0.085990,263495,136254
ClassicQuicksort,15989,1,1,True,17,0.269521,274938,150023
ClassicQuicksort,15989,2,1,False,10,0.715968,261865,148335
ClassicQuicksort,15989,2,1,True,17,0.534418,273158,155271
ClassicQuicksort,15989,3,1,False,10,0.090387,237178,134954
ClassicQuicksort,15989,3,1,True,17,0.336921,241173,139770
DualPivotQuicksort,15989,1,2,False,10,0.414288,252664,89179
DualPivotQuicksort,15989,1,2,True,17,0.058026,258440,99728
OptimalDualPivotQuicksort,15989,1,2,False,10,0.400136,245547,89179
OptimalDualPivotQuicksort,15989,1,2,True,17,0.116131,251590,99728
DualPivotQuicksort,15989,2,2,False,10,0.532575,246193,101950
DualPivotQuicksort,15989,2,2,True,17,0.110938,241752,103045
OptimalDualPivotQuicksort,15989,2,2,False,10,0.215317,241289,101950
OptimalDualPivotQuicksort,15989,2,2,True,17,0.088030,236700,103045
YaroslavskiyQuicksort,15989,1,2,True,17,1.062373,244886,106883
ThreePivotQuicksort,15989,1,3,True,13,0.853977,335629,108113
MPivotQuicksort,15989,1,3,True,13,0.114306,271714,112456
HeapOptimizedMPivotQuicksort,15989,1,3,True,13,0.059614,357576,155339
MPivotQuicksort,15989,1,4,True,13,0.129475,295332,107236
HeapOptimizedMPivotQuicksort,15989,1,4,True,13,0.062857,369666,140784
MPivotQuicksort,15989,1,5,True,13,0.089472,302597,110720
HeapOptimizedMPivotQuicksort,15989,1,5,True,13,0.214838,373664,138398
MPivotQuicksort,15989,1,6,True,13,0.052498,332391,110400
HeapOptimizedMPivotQuicksort,15989,1,6,True,13,0.076685,377712,133984
Name,Length,Median Selection,Num Pivots,Used Insertion Sort,Insertion Sort Threshold,Time,Comparisons,Swaps
ClassicQuicksort,1665,1,1,False,10,0.058796,19350,10496
ClassicQuicksort,1665,1,1,True,17,0.011537,20341,11802
ClassicQuicksort,1665,2,1,False,10,0.047172,20079,12130
ClassicQuicksort,1665,2,1,True,17,0.015077,21273,12962
ClassicQuicksort,1665,3,1,False,10,0.032135,18633,11111
ClassicQuicksort,1665,3,1,True,17,0.005352,18998,11594
DualPivotQuicksort,1665,1,2,False,10,0.090845,20938,8743
DualPivotQuicksort,1665,1,2,True,17,0.044084,21534,9838
OptimalDualPivotQuicksort,1665,1,2,False,10,0.175944,20531,8743
OptimalDualPivotQuicksort,1665,1,2,True,17,0.076271,21163,9838
DualPivotQuicksort,1665,2,2,False,10,0.075100,19514,9393
DualPivotQuicksort,1665,2,2,True,17,0.005940,19189,9609
OptimalDualPivotQuicksort,1665,2,2,False,10,0.559673,19239,9393
OptimalDualPivotQuicksort,1665,2,2,True,17,2.226895,18909,9609
YaroslavskiyQuicksort,1665,1,2,True,17,0.439146,19415,8945
ThreePivotQuicksort,1665,1,3,True,13,0.586932,26971,9431
MPivotQuicksort,1665,1,3,True,13,0.037282,21382,9925
HeapOptimizedMPivotQuicksort,1665,1,3,True,13,0.049246,28789,12558
MPivotQuicksort,1665,1,4,True,13,0.086444,26430,8779
HeapOptimizedMPivotQuicksort,1665,1,4,True,13,0.147619,31020,11380
MPivotQuicksort,1665,1,5,True,13,0.082737,23977,9262
HeapOptimizedMPivotQuicksort,1665,1,5,True,13,0.099548,28554,11407
MPivotQuicksort,1665,1,6,True,13,0.053963,27814,9816
HeapOptimizedMPivotQuicksort,1665,1,6,True,13,0.205835,29521,11438
Name,Length,Median Selection,Num Pivots,Used Insertion Sort,Insertion Sort Threshold,Time,Comparisons,Swaps
ClassicQuicksort,173,1,1,False,10,0.006060,1406,802
ClassicQuicksort,173,1,1,True,17,0.003602,1526,950
ClassicQuicksort,173,2,1,False,10,0.009483,1520,930
ClassicQuicksort,173,2,1,True,17,0.003024,1647,1016
ClassicQuicksort,173,3,1,False,10,0.006020,1519,944
ClassicQuicksort,173,3,1,True,17,0.000979,1584,1018
DualPivotQuicksort,173,1,2,False,10,0.020787,1520,496
DualPivotQuicksort,173,1,2,True,17,0.001598,1643,673
OptimalDualPivotQuicksort,173,1,2,False,10,0.011907,1495,496
OptimalDualPivotQuicksort,173,1,2,True,17,0.014066,1617,673
DualPivotQuicksort,173,2,2,False,10,0.013779,1419,682
DualPivotQuicksort,173,2,2,True,17,0.005855,1322,620
OptimalDualPivotQuicksort,173,2,2,False,10,0.010283,1406,682
OptimalDualPivotQuicksort,173,2,2,True,17,0.006042,1309,620
YaroslavskiyQuicksort,173,1,2,True,17,0.014354,1395,755
ThreePivotQuicksort,173,1,3,True,13,0.049974,1776,684
MPivotQuicksort,173,1,3,True,13,0.001040,1629,795
HeapOptimizedMPivotQuicksort,173,1,3,True,13,0.008099,2066,1013
MPivotQuicksort,173,1,4,True,13,0.001141,1718,759
HeapOptimizedMPivotQuicksort,173,1,4,True,13,0.003860,1887,802
MPivotQuicksort,173,1,5,True,13,0.001240,1540,771
HeapOptimizedMPivotQuicksort,173,1,5,True,13,0.006385,1929,907
MPivotQuicksort,173,1,6,True,13,0.001267,1742,736
HeapOptimizedMPivotQuicksort,173,1,6,True,13,0.001551,2010,816
Name,Length,Median Selection,Num Pivots,Used Insertion Sort,Insertion Sort Threshold,Time,Comparisons,Swaps
ClassicQuicksort,18,1,1,False,10,0.000207,65,48
ClassicQuicksort,18,1,1,True,17,0.000222,99,85
ClassicQuicksort,18,2,1,False,10,0.000204,55,48
ClassicQuicksort,18,2,1,True,17,0.000304,60,38
ClassicQuicksort,18,3,1,False,10,0.000482,71,60
ClassicQuicksort,18,3,1,True,17,0.000212,77,63
DualPivotQuicksort,18,1,2,False,10,0.000201,62,30
DualPivotQuicksort,18,1,2,True,17,0.000170,70,40
OptimalDualPivotQuicksort,18,1,2,False,10,0.000273,62,30
OptimalDualPivotQuicksort,18,1,2,True,17,0.000326,70,40
DualPivotQuicksort,18,2,2,False,10,0.000439,75,46
DualPivotQuicksort,18,2,2,True,17,0.000243,62,33
OptimalDualPivotQuicksort,18,2,2,False,10,0.000399,76,46
OptimalDualPivotQuicksort,18,2,2,True,17,0.000242,63,33
YaroslavskiyQuicksort,18,1,2,True,17,0.000269,75,45
ThreePivotQuicksort,18,1,3,True,13,0.000722,97,54
MPivotQuicksort,18,1,3,True,13,0.000266,76,44
HeapOptimizedMPivotQuicksort,18,1,3,True,13,0.000260,92,52
MPivotQuicksort,18,1,4,True,13,0.000264,83,44
HeapOptimizedMPivotQuicksort,18,1,4,True,13,0.000303,98,53
MPivotQuicksort,18,1,5,True,13,0.002818,100,58
HeapOptimizedMPivotQuicksort,18,1,5,True,13,0.000296,102,58
MPivotQuicksort,18,1,6,True,13,0.009197,109,70
HeapOptimizedMPivotQuicksort,18,1,6,True,13,0.000326,110,67
Name,Length,Median Selection,Num Pivots,Used Insertion Sort,Insertion Sort Threshold,Time,Comparisons,Swaps
ClassicQuicksort,1894839,1,1,False,10,5.727030,52678188,28587637
ClassicQuicksort,1894839,1,1,True,17,15.234809,54030533,30179822
ClassicQuicksort,1894839,2,1,False,10,14.329246,50455521,27304854
ClassicQuicksort,1894839,2,1,True,17,6.346121,51810292,28154552
ClassicQuicksort,1894839,3,1,False,10,4.590445,44339664,24003755
ClassicQuicksort,1894839,3,1,True,17,4.131102,44817523,24580960
DualPivotQuicksort,1894839,1,2,False,10,4.503856,49962751,17084530
DualPivotQuicksort,1894839,1,2,True,17,6.270314,50572494,18263335
OptimalDualPivotQuicksort,1894839,1,2,False,10,15.608266,48568763,17084530
OptimalDualPivotQuicksort,1894839,1,2,True,17,6.275744,49210220,18263335
DualPivotQuicksort,1894839,2,2,False,10,4.304305,46989686,16608593
DualPivotQuicksort,1894839,2,2,True,17,3.779824,46469915,16760278
OptimalDualPivotQuicksort,1894839,2,2,False,10,6.009332,45680133,16608593
OptimalDualPivotQuicksort,1894839,2,2,True,17,5.727302,45150739,16760278
YaroslavskiyQuicksort,1894839,1,2,True,17,3.325897,44228539,17301772
ThreePivotQuicksort,1894839,1,3,True,13,12.493244,60867626,17586014
MPivotQuicksort,1894839,1,3,True,13,8.172406,50941916,19329273
HeapOptimizedMPivotQuicksort,1894839,1,3,True,13,6.640941,66452430,27794216
MPivotQuicksort,1894839,1,4,True,13,3.296571,52500110,17688738
HeapOptimizedMPivotQuicksort,1894839,1,4,True,13,6.384180,67550942,24488066
MPivotQuicksort,1894839,1,5,True,13,3.454850,55981584,17585480
HeapOptimizedMPivotQuicksort,1894839,1,5,True,13,7.710521,67477825,23373646
MPivotQuicksort,1894839,1,6,True,13,3.523451,58196725,17687595
HeapOptimizedMPivotQuicksort,1894839,1,6,True,13,7.671481,69726948,22356642
Name,Length,Median Selection,Num Pivots,Used Insertion Sort,Insertion Sort Threshold,Time,Comparisons,Swaps
ClassicQuicksort,197365,1,1,False,10,0.658879,4060685,2117629
ClassicQuicksort,197365,1,1,True,17,2.062241,4201572,2283424
ClassicQuicksort,197365,2,1,False,10,1.570477,4171965,2122521
ClassicQuicksort,197365,2,1,True,17,3.752903,4312340,2209442
ClassicQuicksort,197365,3,1,False,10,2.334345,3908902,2091648
ClassicQuicksort,197365,3,1,True,17,0.565920,3956911,2150135
DualPivotQuicksort,197365,1,2,False,10,0.670171,4119784,1410337
DualPivotQuicksort,197365,1,2,True,17,1.180513,4184358,1534780
OptimalDualPivotQuicksort,197365,1,2,False,10,1.754553,3969427,1410337
OptimalDualPivotQuicksort,197365,1,2,True,17,0.736754,4037309,1534780
DualPivotQuicksort,197365,2,2,False,10,0.501609,3940228,1514837
DualPivotQuicksort,197365,2,2,True,17,0.405728,3885392,1529512
OptimalDualPivotQuicksort,197365,2,2,False,10,0.493389,3828679,1514837
OptimalDualPivotQuicksort,197365,2,2,True,17,0.768006,3772921,1529512
YaroslavskiyQuicksort,197365,1,2,True,17,0.818200,4064375,1594689
ThreePivotQuicksort,197365,1,3,True,13,1.233027,5502099,1540992
MPivotQuicksort,197365,1,3,True,13,0.400206,4337688,1672019
HeapOptimizedMPivotQuicksort,197365,1,3,True,13,0.756777,5815604,2332172
MPivotQuicksort,197365,1,4,True,13,0.421800,4456859,1659448
HeapOptimizedMPivotQuicksort,197365,1,4,True,13,0.791168,5853244,2204574
MPivotQuicksort,197365,1,5,True,13,0.422797,5084882,1611225
HeapOptimizedMPivotQuicksort,197365,1,5,True,13,0.906588,6027309,2073983
MPivotQuicksort,197365,1,6,True,13,0.431349,5101218,1648162
HeapOptimizedMPivotQuicksort,197365,1,6,True,13,0.881247,6180784,1989633
Name,Length,Median Selection,Num Pivots,Used Insertion Sort,Insertion Sort Threshold,Time,Comparisons,Swaps
ClassicQuicksort,20557,1,1,False,10,0.034956,335941,183044
ClassicQuicksort,20557,1,1,True,17,0.071828,350483,200362
ClassicQuicksort,20557,2,1,False,10,0.052903,344587,185705
ClassicQuicksort,20557,2,1,True,17,0.033800,359729,195325
ClassicQuicksort,20557,3,1,False,10,0.048439,315148,185075
ClassicQuicksort,20557,3,1,True,17,0.363304,319783,190432
DualPivotQuicksort,20557,1,2,False,10,0.076170,332431,128963
DualPivotQuicksort,20557,1,2,True,17,0.062483,339104,141772
OptimalDualPivotQuicksort,20557,1,2,False,10,0.054032,325870,128963
OptimalDualPivotQuicksort,20557,1,2,True,17,0.161640,332897,141772
DualPivotQuicksort,20557,2,2,False,10,0.045767,331131,139424
DualPivotQuicksort,20557,2,2,True,17,0.072745,325410,140830
OptimalDualPivotQuicksort,20557,2,2,False,10,0.196724,327862,139424
OptimalDualPivotQuicksort,20557,2,2,True,17,0.033842,322056,140830
YaroslavskiyQuicksort,20557,1,2,True,17,0.690217,330837,136171
ThreePivotQuicksort,20557,1,3,True,13,0.252480,445007,135823
MPivotQuicksort,20557,1,3,True,13,0.120722,366348,152615
HeapOptimizedMPivotQuicksort,20557,1,3,True,13,0.079311,474156,201459
MPivotQuicksort,20557,1,4,True,13,0.045610,379091,149097
HeapOptimizedMPivotQuicksort,20557,1,4,True,13,0.155722,462886,196166
MPivotQuicksort,20557,1,5,True,13,0.179869,439311,144685
HeapOptimizedMPivotQuicksort,20557,1,5,True,13,0.445663,501388,175749
MPivotQuicksort,20557,1,6,True,13,0.259049,429224,146417
HeapOptimizedMPivotQuicksort,20557,1,6,True,13,0.229269,497379,179135
Name,Length,Median Selection,Num Pivots,Used Insertion Sort,Insertion Sort Threshold,Time,Comparisons,Swaps
ClassicQuicksort,2141,1,1,False,10,0.010305,26472,13579
ClassicQuicksort,2141,1,1,True,17,0.004020,28012,15416
ClassicQuicksort,2141,2,1,False,10,0.017092,26926,15478
ClassicQuicksort,2141,2,1,True,17,0.018362,28425,16414
ClassicQuicksort,2141,3,1,False,10,0.039644,25382,14968
ClassicQuicksort,2141,3,1,True,17,0.033181,25774,15462
DualPivotQuicksort,2141,1,2,False,10,0.172643,27875,10104
DualPivotQuicksort,2141,1,2,True,17,0.007591,28471,11267
OptimalDualPivotQuicksort,2141,1,2,False,10,0.027856,26833,10104
OptimalDualPivotQuicksort,2141,1,2,True,17,0.018613,27469,11267
DualPivotQuicksort,2141,2,2,False,10,0.008772,26156,11260
DualPivotQuicksort,2141,2,2,True,17,0.037638,25595,11508
OptimalDualPivotQuicksort,2141,2,2,False,10,1.063698,25887,11260
OptimalDualPivotQuicksort,2141,2,2,True,17,0.004569,25311,11508
YaroslavskiyQuicksort,2141,1,2,True,17,0.529639,25833,10960
ThreePivotQuicksort,2141,1,3,True,13,0.564546,34153,11794
MPivotQuicksort,2141,1,3,True,13,5.940980,27714,12340
HeapOptimizedMPivotQuicksort,2141,1,3,True,13,0.690963,36296,15951
MPivotQuicksort,2141,1,4,True,13,0.104949,30500,12789
HeapOptimizedMPivotQuicksort,2141,1,4,True,13,0.056053,36664,15213
MPivotQuicksort,2141,1,5,True,13,0.339079,33310,12734
HeapOptimizedMPivotQuicksort,2141,1,5,True,13,1.976456,39326,15389
MPivotQuicksort,2141,1,6,True,13,0.205766,35472,13675
HeapOptimizedMPivotQuicksort,2141,1,6,True,13,0.764709,39103,15178
Name,Length,Median Selection,Num Pivots,Used Insertion Sort,Insertion Sort Threshold,Time,Comparisons,Swaps
ClassicQuicksort,223,1,1,False,10,0.002973,1736,1091
ClassicQuicksort,223,1,1,True,17,0.000909,1863,1236
ClassicQuicksort,223,2,1,False,10,0.001798,1634,1169
ClassicQuicksort,223,2,1,True,17,0.005653,1773,1224
ClassicQuicksort,223,3,1,False,10,0.022215,1735,1180
ClassicQuicksort,223,3,1,True,17,0.001356,1803,1257
DualPivotQuicksort,223,1,2,False,10,0.029345,1775,794
DualPivotQuicksort,223,1,2,True,17,0.009222,1822,906
OptimalDualPivotQuicksort,223,1,2,False,10,0.058412,1768,794
OptimalDualPivotQuicksort,223,1,2,True,17,0.001724,1814,906
DualPivotQuicksort,223,2,2,False,10,0.004613,1861,845
DualPivotQuicksort,223,2,2,True,17,0.001883,1812,878
OptimalDualPivotQuicksort,223,2,2,False,10,0.031817,1836,845
OptimalDualPivotQuicksort,223,2,2,True,17,0.007300,1785,878
YaroslavskiyQuicksort,223,1,2,True,17,0.027973,1852,932
ThreePivotQuicksort,223,1,3,True,13,0.061710,2280,915
MPivotQuicksort,223,1,3,True,13,0.010269,2020,942
HeapOptimizedMPivotQuicksort,223,1,3,True,13,0.014036,2369,1144
MPivotQuicksort,223,1,4,True,13,0.004517,2164,964
HeapOptimizedMPivotQuicksort,223,1,4,True,13,0.011603,2433,1159
MPivotQuicksort,223,1,5,True,13,0.008336,2520,1090
HeapOptimizedMPivotQuicksort,223,1,5,True,13,0.002457,2544,1176
MPivotQuicksort,223,1,6,True,13,0.003705,2516,1100
HeapOptimizedMPivotQuicksort,223,1,6,True,13,0.019829,2876,1143
Name,Length,Median Selection,Num Pivots,Used Insertion Sort,Insertion Sort Threshold,Time,Comparisons,Swaps
ClassicQuicksort,23,1,1,False,10,0.000443,97,45
ClassicQuicksort,23,1,1,True,17,0.000379,127,78
ClassicQuicksort,23,2,1,False,10,0.002019,76,67
ClassicQuicksort,23,2,1,True,17,0.000234,86,62
ClassicQuicksort,23,3,1,False,10,0.000479,96,63
ClassicQuicksort,23,3,1,True,17,0.000246,89,63
DualPivotQuicksort,23,1,2,False,10,0.000320,96,44
DualPivotQuicksort,23,1,2,True,17,0.000141,113,66
OptimalDualPivotQuicksort,23,1,2,False,10,0.000354,95,44
OptimalDualPivotQuicksort,23,1,2,True,17,0.000189,110,66
DualPivotQuicksort,23,2,2,False,10,0.000387,103,69
DualPivotQuicksort,23,2,2,True,17,0.000206,90,60
OptimalDualPivotQuicksort,23,2,2,False,10,0.000363,104,69
OptimalDualPivotQuicksort,23,2,2,True,17,0.000164,90,60
YaroslavskiyQuicksort,23,1,2,True,17,0.000355,126,60
ThreePivotQuicksort,23,1,3,True,13,0.000337,119,61
MPivotQuicksort,23,1,3,True,13,0.002051,93,53
HeapOptimizedMPivotQuicksort,23,1,3,True,13,0.001413,116,61
MPivotQuicksort,23,1,4,True,13,0.000310,114,87
HeapOptimizedMPivotQuicksort,23,1,4,True,13,0.000383,124,72
MPivotQuicksort,23,1,5,True,13,0.000494,100,61
HeapOptimizedMPivotQuicksort,23,1,5,True,13,0.000376,126,57
MPivotQuicksort,23,1,6,True,13,0.000288,113,71
HeapOptimizedMPivotQuicksort,23,1,6,True,13,0.000317,127,60
Name,Length,Median Selection,Num Pivots,Used Insertion Sort,Insertion Sort Threshold,Time,Comparisons,Swaps
ClassicQuicksort,2436222,1,1,False,10,4.800062,63155874,30131669
ClassicQuicksort,2436222,1,1,True,17,4.344492,64890198,32173637
ClassicQuicksort,2436222,2,1,False,10,6.176635,66931508,33158730
ClassicQuicksort,2436222,2,1,True,17,5.433363,68660933,34231485
ClassicQuicksort,2436222,3,1,False,10,7.465471,57225405,30500004
ClassicQuicksort,2436222,3,1,True,17,5.707922,57833516,31236687
DualPivotQuicksort,2436222,1,2,False,10,5.064142,63649394,21673364
DualPivotQuicksort,2436222,1,2,True,17,4.516871,64435609,23187167
OptimalDualPivotQuicksort,2436222,1,2,False,10,6.671356,61352446,21673364
OptimalDualPivotQuicksort,2436222,1,2,True,17,6.365020,62179522,23187167
DualPivotQuicksort,2436222,2,2,False,10,4.632585,59012671,22387350
DualPivotQuicksort,2436222,2,2,True,17,3.493887,58344944,22583886
OptimalDualPivotQuicksort,2436222,2,2,False,10,5.817383,58103605,22387350
OptimalDualPivotQuicksort,2436222,2,2,True,17,9.366197,57422829,22583886
YaroslavskiyQuicksort,2436222,1,2,True,17,4.183658,59038246,22186632
ThreePivotQuicksort,2436222,1,3,True,13,11.731252,80943575,23956606
MPivotQuicksort,2436222,1,3,True,13,4.722613,63807344,26155329
HeapOptimizedMPivotQuicksort,2436222,1,3,True,13,8.828265,85952598,35249388
MPivotQuicksort,2436222,1,4,True,13,4.696007,67644102,23938575
HeapOptimizedMPivotQuicksort,2436222,1,4,True,13,8.798935,85022070,32357802
MPivotQuicksort,2436222,1,5,True,13,3.515765,72605934,23498959
HeapOptimizedMPivotQuicksort,2436222,1,5,True,13,5.213753,90899489,30211166
MPivotQuicksort,2436222,1,6,True,13,3.302726,76575226,23543324
HeapOptimizedMPivotQuicksort,2436222,1,6,True,13,6.856740,92120057,29134364
Name,Length,Median Selection,Num Pivots,Used Insertion Sort,Insertion Sort Threshold,Time,Comparisons,Swaps
ClassicQuicksort,253756,1,1,False,10,1.449228,5671290,2904522
ClassicQuicksort,253756,1,1,True,17,1.566142,5852969,3118025
ClassicQuicksort,253756,2,1,False,10,2.851173,5783632,3276068
ClassicQuicksort,253756,2,1,True,17,2.327044,5962835,3388615
ClassicQuicksort,253756,3,1,False,10,1.634027,5006070,2811099
ClassicQuicksort,253756,3,1,True,17,1.974571,5071105,2888951
DualPivotQuicksort,253756,1,2,False,10,1.137954,5515023,1876724
DualPivotQuicksort,253756,1,2,True,17,1.122720,5597341,2034865
OptimalDualPivotQuicksort,253756,1,2,False,10,3.313753,5372359,1876724
OptimalDualPivotQuicksort,253756,1,2,True,17,1.775031,5458653,2034865
DualPivotQuicksort,253756,2,2,False,10,1.771377,5116456,2020774
DualPivotQuicksort,253756,2,2,True,17,1.781682,5046940,2040989
OptimalDualPivotQuicksort,253756,2,2,False,10,2.751556,5008626,2020774
OptimalDualPivotQuicksort,253756,2,2,True,17,1.072514,4937614,2040989
YaroslavskiyQuicksort,253756,1,2,True,17,2.655145,5151415,2057451
ThreePivotQuicksort,253756,1,3,True,13,2.604108,7072359,2154044
MPivotQuicksort,253756,1,3,True,13,0.640155,5588960,2289219
HeapOptimizedMPivotQuicksort,253756,1,3,True,13,0.961117,7476204,3138455
MPivotQuicksort,253756,1,4,True,13,0.447993,6291287,2087499
HeapOptimizedMPivotQuicksort,253756,1,4,True,13,0.885844,7721175,2878699
MPivotQuicksort,253756,1,5,True,13,0.506702,6208690,2165180
HeapOptimizedMPivotQuicksort,253756,1,5,True,13,0.986810,7768608,2733232
MPivotQuicksort,253756,1,6,True,13,0.542585,6634986,2121218
HeapOptimizedMPivotQuicksort,253756,1,6,True,13,1.053915,8075012,2635239
Name,Length,Median Selection,Num Pivots,Used Insertion Sort,Insertion Sort Threshold,Time,Comparisons,Swaps
ClassicQuicksort,26431,1,1,False,10,0.245013,464615,248539
ClassicQuicksort,26431,1,1,True,17,0.159932,483908,271225
ClassicQuicksort,26431,2,1,False,10,0.171088,451043,256335
ClassicQuicksort,26431,2,1,True,17,0.195568,469377,267218
ClassicQuicksort,26431,3,1,False,10,0.043765,415014,237589
ClassicQuicksort,26431,3,1,True,17,0.045967,422380,246663
DualPivotQuicksort,26431,1,2,False,10,0.098534,424695,163004
DualPivotQuicksort,26431,1,2,True,17,0.392233,433344,179660
OptimalDualPivotQuicksort,26431,1,2,False,10,0.265570,416701,163004
OptimalDualPivotQuicksort,26431,1,2,True,17,0.210626,425801,179660
DualPivotQuicksort,26431,2,2,False,10,0.046789,431200,172762
DualPivotQuicksort,26431,2,2,True,17,0.041255,423655,174533
OptimalDualPivotQuicksort,26431,2,2,False,10,0.196419,423206,172762
OptimalDualPivotQuicksort,26431,2,2,True,17,0.102161,415516,174533
YaroslavskiyQuicksort,26431,1,2,True,17,0.208546,425067,180926
ThreePivotQuicksort,26431,1,3,True,13,0.591033,584400,182326
MPivotQuicksort,26431,1,3,True,13,0.257481,460632,193936
HeapOptimizedMPivotQuicksort,26431,1,3,True,13,0.323450,619975,268416
MPivotQuicksort,26431,1,4,True,13,0.063415,532166,200492
HeapOptimizedMPivotQuicksort,26431,1,4,True,13,0.179802,646161,256750
MPivotQuicksort,26431,1,5,True,13,0.051380,513066,192952
HeapOptimizedMPivotQuicksort,26431,1,5,True,13,0.230672,657474,239320
MPivotQuicksort,26431,1,6,True,13,0.063073,564816,190144
HeapOptimizedMPivotQuicksort,26431,1,6,True,13,0.339321,661594,227035
Name,Length,Median Selection,Num Pivots,Used Insertion Sort,Insertion Sort Threshold,Time,Comparisons,Swaps
ClassicQuicksort,2753,1,1,False,10,0.022569,36344,18781
ClassicQuicksort,2753,1,1,True,17,0.007668,38343,21077
ClassicQuicksort,2753,2,1,False,10,0.070063,37500,18178
ClassicQuicksort,2753,2,1,True,17,0.020404,39476,19355
ClassicQuicksort,2753,3,1,False,10,0.016289,36120,19545
ClassicQuicksort,2753,3,1,True,17,1.243089,36652,20206
DualPivotQuicksort,2753,1,2,False,10,0.436485,35966,13117
DualPivotQuicksort,2753,1,2,True,17,0.003082,36846,14798
OptimalDualPivotQuicksort,2753,1,2,False,10,2.505550,34576,13117
OptimalDualPivotQuicksort,2753,1,2,True,17,0.062194,35501,14798
DualPivotQuicksort,2753,2,2,False,10,0.030903,34795,14542
DualPivotQuicksort,2753,2,2,True,17,0.002108,33959,14652
OptimalDualPivotQuicksort,2753,2,2,False,10,0.537045,34082,14542
OptimalDualPivotQuicksort,2753,2,2,True,17,0.032938,33230,14652
YaroslavskiyQuicksort,2753,1,2,True,17,0.084086,34130,16118
ThreePivotQuicksort,2753,1,3,True,13,0.325814,45886,15383
MPivotQuicksort,2753,1,3,True,13,0.016877,37155,16494
HeapOptimizedMPivotQuicksort,2753,1,3,True,13,0.020723,50187,21424
MPivotQuicksort,2753,1,4,True,13,0.005155,42890,16499
HeapOptimizedMPivotQuicksort,2753,1,4,True,13,0.141403,52553,21332
MPivotQuicksort,2753,1,5,True,13,0.007509,43215,17155
HeapOptimizedMPivotQuicksort,2753,1,5,True,13,0.888710,51889,19368
MPivotQuicksort,2753,1,6,True,13,0.394234,44505,16930
HeapOptimizedMPivotQuicksort,2753,1,6,True,13,0.025103,52941,19741
Name,Length,Median Selection,Num Pivots,Used Insertion Sort,Insertion Sort Threshold,Time,Comparisons,Swaps
ClassicQuicksort,286,1,1,False,10,0.000679,2795,1602
ClassicQuicksort,286,1,1,True,17,0.000824,3010,1828
ClassicQuicksort,286,2,1,False,10,0.001526,2529,1757
ClassicQuicksort,286,2,1,True,17,0.001682,2702,1858
ClassicQuicksort,286,3,1,False,10,0.001177,2449,1388
ClassicQuicksort,286,3,1,True,17,0.001983,2536,1478
DualPivotQuicksort,286,1,2,False,10,0.006148,2433,934
DualPivotQuicksort,286,1,2,True,17,0.000585,2600,1204
OptimalDualPivotQuicksort,286,1,2,False,10,0.032114,2328,934
OptimalDualPivotQuicksort,286,1,2,True,17,0.001090,2501,1204
DualPivotQuicksort,286,2,2,False,10,0.001369,2414,1242
DualPivotQuicksort,286,2,2,True,17,0.004521,2324,1238
OptimalDualPivotQuicksort,286,2,2,False,10,0.001895,2416,1242
OptimalDualPivotQuicksort,286,2,2,True,17,0.039232,2326,1238
YaroslavskiyQuicksort,286,1,2,True,17,0.069740,2468,1186
ThreePivotQuicksort,286,1,3,True,13,0.070255,3270,1249
MPivotQuicksort,286,1,3,True,13,0.001758,2842,1351
HeapOptimizedMPivotQuicksort,286,1,3,True,13,0.001535,3411,1690
MPivotQuicksort,286,1,4,True,13,0.004277,2842,1296
HeapOptimizedMPivotQuicksort,286,1,4,True,13,0.002015,3507,1606
MPivotQuicksort,286,1,5,True,13,0.003966,2973,1431
HeapOptimizedMPivotQuicksort,286,1,5,True,13,0.001565,3693,1588
MPivotQuicksort,286,1,6,True,13,0.001281,3319,1351
HeapOptimizedMPivotQuicksort,286,1,6,True,13,0.001579,3861,1630
Name,Length,Median Selection,Num Pivots,Used Insertion Sort,Insertion Sort Threshold,Time,Comparisons,Swaps
ClassicQuicksort,29,1,1,False,10,0.000610,137,75
ClassicQuicksort,29,1,1,True,17,0.000419,151,91
ClassicQuicksort,29,2,1,False,10,0.001325,115,85
ClassicQuicksort,29,2,1,True,17,0.000478,129,90
ClassicQuicksort,29,3,1,False,10,0.001704,135,92
ClassicQuicksort,29,3,1,True,17,0.000735,135,92
DualPivotQuicksort,29,1,2,False,10,0.001432,142,72
DualPivotQuicksort,29,1,2,True,17,0.001692,144,93
OptimalDualPivotQuicksort,29,1,2,False,10,0.000735,140,72
OptimalDualPivotQuicksort,29,1,2,True,17,0.000624,143,93
DualPivotQuicksort,29,2,2,False,10,0.000773,154,100
DualPivotQuicksort,29,2,2,True,17,0.000388,145,91
OptimalDualPivotQuicksort,29,2,2,False,10,0.001189,153,100
OptimalDualPivotQuicksort,29,2,2,True,17,0.000603,144,91
YaroslavskiyQuicksort,29,1,2,True,17,0.001117,153,83
ThreePivotQuicksort,29,1,3,True,13,0.000922,176,69
MPivotQuicksort,29,1,3,True,13,0.001720,141,70
HeapOptimizedMPivotQuicksort,29,1,3,True,13,0.002791,169,96
MPivotQuicksort,29,1,4,True,13,0.000949,127,72
HeapOptimizedMPivotQuicksort,29,1,4,True,13,0.001562,160,84
MPivotQuicksort,29,1,5,True,13,0.001128,144,83
HeapOptimizedMPivotQuicksort,29,1,5,True,13,0.001079,184,84
MPivotQuicksort,29,1,6,True,13,0.005490,167,102
HeapOptimizedMPivotQuicksort,29,1,6,True,13,0.000796,183,87
Name,Length,Median Selection,Num Pivots,Used Insertion Sort,Insertion Sort Threshold,Time,Comparisons,Swaps
ClassicQuicksort,3132285,1,1,False,10,3.486795,84780337,42079104
ClassicQuicksort,3132285,1,1,True,17,3.514616,87014652,44712935
ClassicQuicksort,3132285,2,1,False,10,6.895866,86133765,44314360
ClassicQuicksort,3132285,2,1,True,17,14.516814,88357424,45699050
ClassicQuicksort,3132285,3,1,False,10,3.663258,76485301,38715311
ClassicQuicksort,3132285,3,1,True,17,3.244349,77258939,39650850
DualPivotQuicksort,3132285,1,2,False,10,3.864683,82206761,28762830
DualPivotQuicksort,3132285,1,2,True,17,3.924548,83213033,30704594
OptimalDualPivotQuicksort,3132285,1,2,False,10,6.272346,79745817,28762830
OptimalDualPivotQuicksort,3132285,1,2,True,17,3.786086,80804422,30704594
DualPivotQuicksort,3132285,2,2,False,10,3.766062,77018823,30112563
DualPivotQuicksort,3132285,2,2,True,17,2.930830,76164279,30370036
OptimalDualPivotQuicksort,3132285,2,2,False,10,4.627837,75657812,30112563
OptimalDualPivotQuicksort,3132285,2,2,True,17,3.716951,74786981,30370036
YaroslavskiyQuicksort,3132285,1,2,True,17,8.578916,76118232,28957711
ThreePivotQuicksort,3132285,1,3,True,13,10.061918,106440050,30406239
MPivotQuicksort,3132285,1,3,True,13,4.330548,83771073,32522036
HeapOptimizedMPivotQuicksort,3132285,1,3,True,13,10.070244,114318504,45270379
MPivotQuicksort,3132285,1,4,True,13,4.213568,90473392,31574996
HeapOptimizedMPivotQuicksort,3132285,1,4,True,13,7.660705,114632154,41580654
MPivotQuicksort,3132285,1,5,True,13,4.507859,95714389,30093287
HeapOptimizedMPivotQuicksort,3132285,1,5,True,13,7.209669,118977817,39606407
MPivotQuicksort,3132285,1,6,True,13,4.196605,100313660,30225848
HeapOptimizedMPivotQuicksort,3132285,1,6,True,13,11.260414,120563066,38855901
Name,Length,Median Selection,Num Pivots,Used Insertion Sort,Insertion Sort Threshold,Time,Comparisons,Swaps
ClassicQuicksort,326257,1,1,False,10,0.781998,7383091,3982695
ClassicQuicksort,326257,1,1,True,17,2.405348,7616426,4258803
ClassicQuicksort,326257,2,1,False,10,2.661153,7620549,4320541
ClassicQuicksort,326257,2,1,True,17,1.279848,7854560,4469734
ClassicQuicksort,326257,3,1,False,10,0.942744,6628825,3713289
ClassicQuicksort,326257,3,1,True,17,1.885795,6709077,3809697
DualPivotQuicksort,326257,1,2,False,10,1.451057,7104457,2596280
DualPivotQuicksort,326257,1,2,True,17,2.608324,7209154,2796394
OptimalDualPivotQuicksort,326257,1,2,False,10,6.110102,6928310,2596280
OptimalDualPivotQuicksort,326257,1,2,True,17,2.704897,7038225,2796394
DualPivotQuicksort,326257,2,2,False,10,1.479915,6712372,2621663
DualPivotQuicksort,326257,2,2,True,17,1.037175,6621689,2645568
OptimalDualPivotQuicksort,326257,2,2,False,10,1.146908,6587426,2621663
OptimalDualPivotQuicksort,326257,2,2,True,17,1.037183,6495094,2645568
YaroslavskiyQuicksort,326257,1,2,True,17,1.280977,6638945,2733595
ThreePivotQuicksort,326257,1,3,True,13,2.036552,9392043,2769804
MPivotQuicksort,326257,1,3,True,13,0.717110,7517513,2979615
HeapOptimizedMPivotQuicksort,326257,1,3,True,13,1.382293,9745918,4113826
MPivotQuicksort,326257,1,4,True,13,0.663034,8044574,2810195
HeapOptimizedMPivotQuicksort,326257,1,4,True,13,1.501260,10158469,3741826
MPivotQuicksort,326257,1,5,True,13,0.661696,8509601,2747903
HeapOptimizedMPivotQuicksort,326257,1,5,True,13,1.320867,10254321,3578736
MPivotQuicksort,326257,1,6,True,13,0.658571,9013976,2830696
HeapOptimizedMPivotQuicksort,326257,1,6,True,13,1.489814,10684174,3527215
Name,Length,Median Selection,Num Pivots,Used Insertion Sort,Insertion Sort Threshold,Time,Comparisons,Swaps
ClassicQuicksort,33982,1,1,False,10,2.835938,588932,330401
ClassicQuicksort,33982,1,1,True,17,2.841495,613491,359595
ClassicQuicksort,33982,2,1,False,10,3.410077,630512,369697
ClassicQuicksort,33982,2,1,True,17,0.966954,654519,384770
ClassicQuicksort,33982,3,1,False,10,1.408425,556831,307722
ClassicQuicksort,33982,3,1,True,17,0.372238,564833,317355
DualPivotQuicksort,33982,1,2,False,10,1.312200,602554,211672
DualPivotQuicksort,33982,1,2,True,17,0.224956,613680,233667
OptimalDualPivotQuicksort,33982,1,2,False,10,0.790574,589775,211672
OptimalDualPivotQuicksort,33982,1,2,True,17,0.604087,601510,233667
DualPivotQuicksort,33982,2,2,False,10,1.031415,563602,239132
DualPivotQuicksort,33982,2,2,True,17,0.348616,554336,241697
OptimalDualPivotQuicksort,33982,2,2,False,10,0.701204,551707,239132
OptimalDualPivotQuicksort,33982,2,2,True,17,0.658844,542226,241697
YaroslavskiyQuicksort,33982,1,2,True,17,0.940272,567492,238723
ThreePivotQuicksort,33982,1,3,True,13,0.353368,788300,232427
MPivotQuicksort,33982,1,3,True,13,0.226465,619394,260293
HeapOptimizedMPivotQuicksort,33982,1,3,True,13,0.148719,829192,348257
MPivotQuicksort,33982,1,4,True,13,0.055388,666264,249319
HeapOptimizedMPivotQuicksort,33982,1,4,True,13,0.081148,817508,328021
MPivotQuicksort,33982,1,5,True,13,0.159996,690160,249629
HeapOptimizedMPivotQuicksort,33982,1,5,True,13,0.102772,879411,306202
MPivotQuicksort,33982,1,6,True,13,0.419276,732267,249349
HeapOptimizedMPivotQuicksort,33982,1,6,True,13,0.240690,889667,304835
Name,Length,Median Selection,Num Pivots,Used Insertion Sort,Insertion Sort Threshold,Time,Comparisons,Swaps
ClassicQuicksort,3539,1,1,False,10,0.010946,44576,24106
ClassicQuicksort,3539,1,1,True,17,0.004455,46797,26852
ClassicQuicksort,3539,2,1,False,10,0.004851,46473,23534
ClassicQuicksort,3539,2,1,True,17,0.047559,49197,25414
ClassicQuicksort,3539,3,1,False,10,0.009582,43113,24193
ClassicQuicksort,3539,3,1,True,17,0.005414,43844,24997
DualPivotQuicksort,3539,1,2,False,10,0.004804,44624,18010
DualPivotQuicksort,3539,1,2,True,17,0.008454,45606,19960
OptimalDualPivotQuicksort,3539,1,2,False,10,0.011138,43548,18010
OptimalDualPivotQuicksort,3539,1,2,True,17,0.002367,44598,19960
DualPivotQuicksort,3539,2,2,False,10,0.004803,45652,19097
DualPivotQuicksort,3539,2,2,True,17,0.002107,44666,19493
OptimalDualPivotQuicksort,3539,2,2,False,10,0.037432,44163,19097
OptimalDualPivotQuicksort,3539,2,2,True,17,0.070697,43164,19493
YaroslavskiyQuicksort,3539,1,2,True,17,0.802250,44733,20342
ThreePivotQuicksort,3539,1,3,True,13,1.268407,59520,20111
MPivotQuicksort,3539,1,3,True,13,0.033193,51856,21405
HeapOptimizedMPivotQuicksort,3539,1,3,True,13,0.630510,69846,29202
MPivotQuicksort,3539,1,4,True,13,0.157458,52534,21967
HeapOptimizedMPivotQuicksort,3539,1,4,True,13,0.028852,66425,26711
MPivotQuicksort,3539,1,5,True,13,1.554877,54939,22276
HeapOptimizedMPivotQuicksort,3539,1,5,True,13,0.008254,68543,26642
MPivotQuicksort,3539,1,6,True,13,0.211054,60302,22259
HeapOptimizedMPivotQuicksort,3539,1,6,True,13,0.042575,71223,26146
Name,Length,Median Selection,Num Pivots,Used Insertion Sort,Insertion Sort Threshold,Time,Comparisons,Swaps
ClassicQuicksort,368,1,1,False,10,0.001458,3837,1530
ClassicQuicksort,368,1,1,True,17,0.037963,4069,1803
ClassicQuicksort,368,2,1,False,10,0.003834,3290,2172
ClassicQuicksort,368,2,1,True,17,0.001853,3557,2384
ClassicQuicksort,368,3,1,False,10,0.003280,3173,1887
ClassicQuicksort,368,3,1,True,17,0.001469,3259,1986
DualPivotQuicksort,368,1,2,False,10,0.011184,3344,1300
DualPivotQuicksort,368,1,2,True,17,0.000428,3413,1445
OptimalDualPivotQuicksort,368,1,2,False,10,0.001028,3215,1300
OptimalDualPivotQuicksort,368,1,2,True,17,0.000519,3291,1445
DualPivotQuicksort,368,2,2,False,10,0.002141,3473,1561
DualPivotQuicksort,368,2,2,True,17,0.000593,3426,1646
OptimalDualPivotQuicksort,368,2,2,False,10,0.001570,3431,1561
OptimalDualPivotQuicksort,368,2,2,True,17,0.000515,3386,1646
YaroslavskiyQuicksort,368,1,2,True,17,0.000814,3210,1574
ThreePivotQuicksort,368,1,3,True,13,0.045870,4300,1694
MPivotQuicksort,368,1,3,True,13,0.001601,3623,1731
HeapOptimizedMPivotQuicksort,368,1,3,True,13,0.027259,4573,2160
MPivotQuicksort,368,1,4,True,13,0.003094,3982,1862
HeapOptimizedMPivotQuicksort,368,1,4,True,13,0.001514,4780,2137
MPivotQuicksort,368,1,5,True,13,0.296686,4371,2002
HeapOptimizedMPivotQuicksort,368,1,5,True,13,0.001358,5141,2089
MPivotQuicksort,368,1,6,True,13,0.003304,4252,1937
HeapOptimizedMPivotQuicksort,368,1,6,True,13,0.002693,4882,1978
Name,Length,Median Selection,Num Pivots,Used Insertion Sort,Insertion Sort Threshold,Time,Comparisons,Swaps
ClassicQuicksort,38,1,1,False,10,0.000885,246,181
ClassicQuicksort,38,1,1,True,17,0.000925,282,219
ClassicQuicksort,38,2,1,False,10,0.001084,170,141
ClassicQuicksort,38,2,1,True,17,0.006370,209,166
ClassicQuicksort,38,3,1,False,10,0.001181,194,138
ClassicQuicksort,38,3,1,True,17,0.001074,207,155
DualPivotQuicksort,38,1,2,False,10,0.007810,204,103
DualPivotQuicksort,38,1,2,True,17,0.000834,186,90
OptimalDualPivotQuicksort,38,1,2,False,10,0.000726,200,103
OptimalDualPivotQuicksort,38,1,2,True,17,0.000466,182,90
DualPivotQuicksort,38,2,2,False,10,0.000706,203,110
DualPivotQuicksort,38,2,2,True,17,0.004258,187,103
OptimalDualPivotQuicksort,38,2,2,False,10,0.000825,202,110
OptimalDualPivotQuicksort,38,2,2,True,17,0.001511,187,103
YaroslavskiyQuicksort,38,1,2,True,17,0.000686,204,141
ThreePivotQuicksort,38,1,3,True,13,0.002354,237,112
MPivotQuicksort,38,1,3,True,13,0.001279,236,138
HeapOptimizedMPivotQuicksort,38,1,3,True,13,0.000652,244,153
MPivotQuicksort,38,1,4,True,13,0.000578,237,144
HeapOptimizedMPivotQuicksort,38,1,4,True,13,0.000666,253,131
MPivotQuicksort,38,1,5,True,13,0.000761,187,100
HeapOptimizedMPivotQuicksort,38,1,5,True,13,0.001227,258,148
MPivotQuicksort,38,1,6,True,13,0.001474,271,158
HeapOptimizedMPivotQuicksort,38,1,6,True,13,0.002553,265,137
Name,Length,Median Selection,Num Pivots,Used Insertion Sort,Insertion Sort Threshold,Time,Comparisons,Swaps
ClassicQuicksort,4,1,1,False,10,0.000174,6,4
ClassicQuicksort,4,1,1,True,17,0.000026,6,3
ClassicQuicksort,4,2,1,False,10,0.000030,4,3
ClassicQuicksort,4,2,1,True,17,0.000043,6,3
ClassicQuicksort,4,3,1,False,10,0.000140,7,4
ClassicQuicksort,4,3,1,True,17,0.000059,6,3
DualPivotQuicksort,4,1,2,False,10,0.000102,7,4
DualPivotQuicksort,4,1,2,True,17,0.000047,6,3
OptimalDualPivotQuicksort,4,1,2,False,10,0.001841,7,4
OptimalDualPivotQuicksort,4,1,2,True,17,0.000053,6,3
DualPivotQuicksort,4,2,2,False,10,0.000060,7,4
DualPivotQuicksort,4,2,2,True,17,0.000070,6,3
OptimalDualPivotQuicksort,4,2,2,False,10,0.000047,7,4
OptimalDualPivotQuicksort,4,2,2,True,17,0.000078,6,3
YaroslavskiyQuicksort,4,1,2,True,17,0.000082,6,3
ThreePivotQuicksort,4,1,3,True,13,0.000059,6,3
MPivotQuicksort,4,1,3,True,13,0.000111,6,3
HeapOptimizedMPivotQuicksort,4,1,3,True,13,0.000051,6,3
MPivotQuicksort,4,1,4,True,13,0.000054,6,3
HeapOptimizedMPivotQuicksort,4,1,4,True,13,0.000049,6,3
MPivotQuicksort,4,1,5,True,13,0.000053,6,3
HeapOptimizedMPivotQuicksort,4,1,5,True,13,0.000048,6,3
MPivotQuicksort,4,1,6,True,13,0.000052,6,3
HeapOptimizedMPivotQuicksort,4,1,6,True,13,0.000051,6,3
Name,Length,Median Selection,Num Pivots,Used Insertion Sort,Insertion Sort Threshold,Time,Comparisons,Swaps
ClassicQuicksort,4027224,1,1,False,10,6.691687,116226637,66219382
ClassicQuicksort,4027224,1,1,True,17,5.113534,119092978,69598741
ClassicQuicksort,4027224,2,1,False,10,7.045765,115656379,68040150
ClassicQuicksort,4027224,2,1,True,17,6.289301,118524949,69831548
ClassicQuicksort,4027224,3,1,False,10,4.944479,103622248,60046284
ClassicQuicksort,4027224,3,1,True,17,5.867729,104621612,61258519
DualPivotQuicksort,4027224,1,2,False,10,6.112856,107931264,39606407
DualPivotQuicksort,4027224,1,2,True,17,5.133431,109239229,42119334
OptimalDualPivotQuicksort,4027224,1,2,False,10,7.494118,105402159,39606407
OptimalDualPivotQuicksort,4027224,1,2,True,17,5.991724,106776846,42119334
DualPivotQuicksort,4027224,2,2,False,10,5.273622,100910921,40740414
DualPivotQuicksort,4027224,2,2,True,17,5.837793,99812155,41072874
OptimalDualPivotQuicksort,4027224,2,2,False,10,7.310321,99154967,40740414
OptimalDualPivotQuicksort,4027224,2,2,True,17,5.771707,98035432,41072874
YaroslavskiyQuicksort,4027224,1,2,True,17,4.226651,102336183,36125306
ThreePivotQuicksort,4027224,1,3,True,13,13.187568,139279500,38602919
MPivotQuicksort,4027224,1,3,True,13,5.322250,109401021,42998087
HeapOptimizedMPivotQuicksort,4027224,1,3,True,13,9.312926,151571857,61402095
MPivotQuicksort,4027224,1,4,True,13,5.727962,115756268,41412751
HeapOptimizedMPivotQuicksort,4027224,1,4,True,13,10.418313,149486900,55997647
MPivotQuicksort,4027224,1,5,True,13,5.325649,123557078,40271535
HeapOptimizedMPivotQuicksort,4027224,1,5,True,13,9.756743,152283979,52716406
MPivotQuicksort,4027224,1,6,True,13,6.935794,131888763,39465041
HeapOptimizedMPivotQuicksort,4027224,1,6,True,13,8.507945,156144295,50021492
Name,Length,Median Selection,Num Pivots,Used Insertion Sort,Insertion Sort Threshold,Time,Comparisons,Swaps
ClassicQuicksort,419474,1,1,False,10,0.930812,9486536,5109371
ClassicQuicksort,419474,1,1,True,17,0.859176,9784283,5459378
ClassicQuicksort,419474,2,1,False,10,1.035591,9315092,5131190
ClassicQuicksort,419474,2,1,True,17,1.246233,9615196,5319317
ClassicQuicksort,419474,3,1,False,10,0.851340,8635643,4866146
ClassicQuicksort,419474,3,1,True,17,0.764436,8741382,4993353
DualPivotQuicksort,419474,1,2,False,10,0.780355,9207819,3444290
DualPivotQuicksort,419474,1,2,True,17,0.897099,9344348,3708261
OptimalDualPivotQuicksort,419474,1,2,False,10,1.309446,8973336,3444290
OptimalDualPivotQuicksort,419474,1,2,True,17,1.086922,9116979,3708261
DualPivotQuicksort,419474,2,2,False,10,0.852540,8887944,3539556
DualPivotQuicksort,419474,2,2,True,17,0.746204,8772650,3571981
OptimalDualPivotQuicksort,419474,2,2,False,10,1.580183,8738366,3539556
OptimalDualPivotQuicksort,419474,2,2,True,17,1.002891,8621239,3571981
YaroslavskiyQuicksort,419474,1,2,True,17,0.913884,8834415,3684947
ThreePivotQuicksort,419474,1,3,True,13,6.237518,12378705,3714794
MPivotQuicksort,419474,1,3,True,13,1.226787,9665355,3964149
HeapOptimizedMPivotQuicksort,419474,1,3,True,13,4.233885,13028428,5362488
MPivotQuicksort,419474,1,4,True,13,1.237055,10462700,3565043
HeapOptimizedMPivotQuicksort,419474,1,4,True,13,3.588868,13107594,4940406
MPivotQuicksort,419474,1,5,True,13,0.881086,11162732,3694222
HeapOptimizedMPivotQuicksort,419474,1,5,True,13,1.604119,14090929,4812327
MPivotQuicksort,419474,1,6,True,13,0.829094,11722676,3633479
HeapOptimizedMPivotQuicksort,419474,1,6,True,13,1.692899,13689083,4497133
Name,Length,Median Selection,Num Pivots,Used Insertion Sort,Insertion Sort Threshold,Time,Comparisons,Swaps
ClassicQuicksort,43692,1,1,False,10,0.235858,880096,431462
ClassicQuicksort,43692,1,1,True,17,0.304417,911512,468327
ClassicQuicksort,43692,2,1,False,10,0.191865,809395,398015
ClassicQuicksort,43692,2,1,True,17,0.121417,841237,418359
ClassicQuicksort,43692,3,1,False,10,0.158476,794431,393488
ClassicQuicksort,43692,3,1,True,17,0.086475,804748,405949
DualPivotQuicksort,43692,1,2,False,10,0.215005,796590,282624
DualPivotQuicksort,43692,1,2,True,17,0.150680,811021,310022
OptimalDualPivotQuicksort,43692,1,2,False,10,0.616512,766221,282624
OptimalDualPivotQuicksort,43692,1,2,True,17,0.545303,781352,310022
DualPivotQuicksort,43692,2,2,False,10,0.320275,766419,297384
DualPivotQuicksort,43692,2,2,True,17,0.218916,755059,301543
OptimalDualPivotQuicksort,43692,2,2,False,10,0.298990,746216,297384
OptimalDualPivotQuicksort,43692,2,2,True,17,0.173087,734549,301543
YaroslavskiyQuicksort,43692,1,2,True,17,0.512978,764496,295615
ThreePivotQuicksort,43692,1,3,True,13,0.897100,1000868,302193
MPivotQuicksort,43692,1,3,True,13,0.284901,850417,323830
HeapOptimizedMPivotQuicksort,43692,1,3,True,13,0.347253,1117165,458501
MPivotQuicksort,43692,1,4,True,13,0.202540,849722,322313
HeapOptimizedMPivotQuicksort,43692,1,4,True,13,0.588057,1103695,436340
MPivotQuicksort,43692,1,5,True,13,0.259779,981330,323624
HeapOptimizedMPivotQuicksort,43692,1,5,True,13,0.275438,1132343,402886
MPivotQuicksort,43692,1,6,True,13,0.122532,961704,337209
HeapOptimizedMPivotQuicksort,43692,1,6,True,13,0.740199,1168464,397611
Name,Length,Median Selection,Num Pivots,Used Insertion Sort,Insertion Sort Threshold,Time,Comparisons,Swaps
ClassicQuicksort,4550,1,1,False,10,0.079876,61803,36172
ClassicQuicksort,4550,1,1,True,17,0.040248,65357,40301
ClassicQuicksort,4550,2,1,False,10,0.045782,59610,32069
ClassicQuicksort,4550,2,1,True,17,0.492003,62767,33971
ClassicQuicksort,4550,3,1,False,10,3.109022,59356,31570
ClassicQuicksort,4550,3,1,True,17,0.073240,60526,32984
DualPivotQuicksort,4550,1,2,False,10,0.255241,63137,23795
DualPivotQuicksort,4550,1,2,True,17,0.031689,64727,26686
OptimalDualPivotQuicksort,4550,1,2,False,10,0.173816,60821,23795
OptimalDualPivotQuicksort,4550,1,2,True,17,0.094272,62487,26686
DualPivotQuicksort,4550,2,2,False,10,0.084479,60786,26462
DualPivotQuicksort,4550,2,2,True,17,0.026268,59602,26848
OptimalDualPivotQuicksort,4550,2,2,False,10,0.025974,59902,26462
OptimalDualPivotQuicksort,4550,2,2,True,17,0.040651,58683,26848
YaroslavskiyQuicksort,4550,1,2,True,17,0.314724,60799,27392
ThreePivotQuicksort,4550,1,3,True,13,0.423558,79992,27623
MPivotQuicksort,4550,1,3,True,13,0.159400,66764,28281
HeapOptimizedMPivotQuicksort,4550,1,3,True,13,0.674742,88710,37273
MPivotQuicksort,4550,1,4,True,13,0.188058,68702,27788
HeapOptimizedMPivotQuicksort,4550,1,4,True,13,0.327880,88360,34634
MPivotQuicksort,4550,1,5,True,13,0.770646,75136,28056
HeapOptimizedMPivotQuicksort,4550,1,5,True,13,1.020425,92186,34543
MPivotQuicksort,4550,1,6,True,13,3.757034,82493,29800
HeapOptimizedMPivotQuicksort,4550,1,6,True,13,0.733922,97771,34608
Name,Length,Median Selection,Num Pivots,Used Insertion Sort,Insertion Sort Threshold,Time,Comparisons,Swaps
ClassicQuicksort,474,1,1,False,10,0.143972,4061,2409
ClassicQuicksort,474,1,1,True,17,0.001322,4361,2762
ClassicQuicksort,474,2,1,False,10,0.001621,4198,2455
ClassicQuicksort,474,2,1,True,17,0.001141,4548,2681
ClassicQuicksort,474,3,1,False,10,0.001955,4370,2825
ClassicQuicksort,474,3,1,True,17,0.001615,4368,2811
DualPivotQuicksort,474,1,2,False,10,0.000911,4231,1802
DualPivotQuicksort,474,1,2,True,17,0.000804,4445,2192
OptimalDualPivotQuicksort,474,1,2,False,10,0.001324,4216,1802
OptimalDualPivotQuicksort,474,1,2,True,17,0.590943,4434,2192
DualPivotQuicksort,474,2,2,False,10,0.033402,4511,2370
DualPivotQuicksort,474,2,2,True,17,0.000618,4427,2450
OptimalDualPivotQuicksort,474,2,2,False,10,0.001653,4511,2370
OptimalDualPivotQuicksort,474,2,2,True,17,0.000686,4419,2450
YaroslavskiyQuicksort,474,1,2,True,17,0.104914,4663,2260
ThreePivotQuicksort,474,1,3,True,13,0.168110,5954,2277
MPivotQuicksort,474,1,3,True,13,0.129180,4661,2370
HeapOptimizedMPivotQuicksort,474,1,3,True,13,0.717268,6578,3002
MPivotQuicksort,474,1,4,True,13,0.002724,5373,2269
HeapOptimizedMPivotQuicksort,474,1,4,True,13,0.001514,6331,2773
MPivotQuicksort,474,1,5,True,13,0.007007,5565,2494
HeapOptimizedMPivotQuicksort,474,1,5,True,13,0.009378,6892,2796
MPivotQuicksort,474,1,6,True,13,0.001001,6187,2418
HeapOptimizedMPivotQuicksort,474,1,6,True,13,0.001449,6934,2841
Name,Length,Median Selection,Num Pivots,Used Insertion Sort,Insertion Sort Threshold,Time,Comparisons,Swaps
ClassicQuicksort,49,1,1,False,10,0.003921,337,210
ClassicQuicksort,49,1,1,True,17,0.000789,368,233
ClassicQuicksort,49,2,1,False,10,0.000523,257,177
ClassicQuicksort,49,2,1,True,17,0.000580,299,197
ClassicQuicksort,49,3,1,False,10,0.001193,296,187
ClassicQuicksort,49,3,1,True,17,0.000577,301,186
DualPivotQuicksort,49,1,2,False,10,0.000946,304,147
DualPivotQuicksort,49,1,2,True,17,0.007851,300,157
OptimalDualPivotQuicksort,49,1,2,False,10,0.000959,300,147
OptimalDualPivotQuicksort,49,1,2,True,17,0.000667,297,157
DualPivotQuicksort,49,2,2,False,10,0.001096,295,145
DualPivotQuicksort,49,2,2,True,17,0.000776,285,144
OptimalDualPivotQuicksort,49,2,2,False,10,0.001021,286,145
OptimalDualPivotQuicksort,49,2,2,True,17,0.006839,276,144
YaroslavskiyQuicksort,49,1,2,True,17,0.000697,307,162
ThreePivotQuicksort,49,1,3,True,13,0.005677,368,162
MPivotQuicksort,49,1,3,True,13,0.000452,320,197
HeapOptimizedMPivotQuicksort,49,1,3,True,13,0.000669,384,195
MPivotQuicksort,49,1,4,True,13,0.000323,306,163
HeapOptimizedMPivotQuicksort,49,1,4,True,13,0.000869,415,192
MPivotQuicksort,49,1,5,True,13,0.000907,435,220
HeapOptimizedMPivotQuicksort,49,1,5,True,13,0.000636,373,178
MPivotQuicksort,49,1,6,True,13,0.002548,327,200
HeapOptimizedMPivotQuicksort,49,1,6,True,13,0.000597,395,224
Name,Length,Median Selection,Num Pivots,Used Insertion Sort,Insertion Sort Threshold,Time,Comparisons,Swaps
ClassicQuicksort,5,1,1,False,10,0.000098,6,4
ClassicQuicksort,5,1,1,True,17,0.000079,6,3
ClassicQuicksort,5,2,1,False,10,0.000091,8,10
ClassicQuicksort,5,2,1,True,17,0.000081,6,3
ClassicQuicksort,5,3,1,False,10,0.000148,10,9
ClassicQuicksort,5,3,1,True,17,0.000056,6,3
DualPivotQuicksort,5,1,2,False,10,0.000071,7,6
DualPivotQuicksort,5,1,2,True,17,0.000092,6,3
OptimalDualPivotQuicksort,5,1,2,False,10,0.000059,7,6
OptimalDualPivotQuicksort,5,1,2,True,17,0.000053,6,3
DualPivotQuicksort,5,2,2,False,10,0.000102,12,9
DualPivotQuicksort,5,2,2,True,17,0.000059,6,3
OptimalDualPivotQuicksort,5,2,2,False,10,0.000128,12,9
OptimalDualPivotQuicksort,5,2,2,True,17,0.000071,6,3
YaroslavskiyQuicksort,5,1,2,True,17,0.000074,6,3
ThreePivotQuicksort,5,1,3,True,13,0.000119,6,3
MPivotQuicksort,5,1,3,True,13,0.000058,6,3
HeapOptimizedMPivotQuicksort,5,1,3,True,13,0.000054,6,3
MPivotQuicksort,5,1,4,True,13,0.000053,6,3
HeapOptimizedMPivotQuicksort,5,1,4,True,13,0.000055,6,3
MPivotQuicksort,5,1,5,True,13,0.000057,6,3
HeapOptimizedMPivotQuicksort,5,1,5,True,13,0.000057,6,3
MPivotQuicksort,5,1,6,True,13,0.000052,6,3
HeapOptimizedMPivotQuicksort,5,1,6,True,13,0.000047,6,3
Name,Length,Median Selection,Num Pivots,Used Insertion Sort,Insertion Sort Threshold,Time,Comparisons,Swaps
ClassicQuicksort,5177859,1,1,False,10,15.285657,143472564,75335454
ClassicQuicksort,5177859,1,1,True,17,27.384062,147149593,79663205
ClassicQuicksort,5177859,2,1,False,10,20.852304,150217579,84138573
ClassicQuicksort,5177859,2,1,True,17,20.127913,153904366,86440016
ClassicQuicksort,5177859,3,1,False,10,12.563594,128951212,70234347
ClassicQuicksort,5177859,3,1,True,17,9.863863,130233915,71795181
DualPivotQuicksort,5177859,1,2,False,10,11.418993,140151699,48435449
DualPivotQuicksort,5177859,1,2,True,17,9.624557,141823502,51660245
OptimalDualPivotQuicksort,5177859,1,2,False,10,13.890209,136257550,48435449
OptimalDualPivotQuicksort,5177859,1,2,True,17,24.373116,138015484,51660245
DualPivotQuicksort,5177859,2,2,False,10,10.077184,132396604,49461701
DualPivotQuicksort,5177859,2,2,True,17,8.253343,130977559,49879496
OptimalDualPivotQuicksort,5177859,2,2,False,10,12.698022,128844397,49461701
OptimalDualPivotQuicksort,5177859,2,2,True,17,15.298807,127398863,49879496
YaroslavskiyQuicksort,5177859,1,2,True,17,8.988791,132028463,48446598
ThreePivotQuicksort,5177859,1,3,True,13,25.013978,179509823,51014845
MPivotQuicksort,5177859,1,3,True,13,10.171439,142373293,54873721
HeapOptimizedMPivotQuicksort,5177859,1,3,True,13,14.008299,194490568,79195168
MPivotQuicksort,5177859,1,4,True,13,6.402664,154262548,55021833
HeapOptimizedMPivotQuicksort,5177859,1,4,True,13,11.120255,192703326,71484443
MPivotQuicksort,5177859,1,5,True,13,12.570866,164066601,51422846
HeapOptimizedMPivotQuicksort,5177859,1,5,True,13,13.544360,200479144,68448232
MPivotQuicksort,5177859,1,6,True,13,7.274852,169619868,51714626
HeapOptimizedMPivotQuicksort,5177859,1,6,True,13,13.121291,208633579,64594548
Name,Length,Median Selection,Num Pivots,Used Insertion Sort,Insertion Sort Threshold,Time,Comparisons,Swaps
ClassicQuicksort,539324,1,1,False,10,1.237567,12606497,6480761
ClassicQuicksort,539324,1,1,True,17,1.549797,12990907,6931968
ClassicQuicksort,539324,2,1,False,10,1.896561,12350211,6937754
ClassicQuicksort,539324,2,1,True,17,1.539112,12734642,7177515
ClassicQuicksort,539324,3,1,False,10,1.251616,11350110,6157156
ClassicQuicksort,539324,3,1,True,17,1.288914,11485169,6321206
DualPivotQuicksort,539324,1,2,False,10,1.248456,12235075,4298447
DualPivotQuicksort,539324,1,2,True,17,1.197869,12410096,4633384
OptimalDualPivotQuicksort,539324,1,2,False,10,1.807605,11954939,4298447
OptimalDualPivotQuicksort,539324,1,2,True,17,1.555273,12139010,4633384
DualPivotQuicksort,539324,2,2,False,10,1.124121,11717201,4436836
DualPivotQuicksort,539324,2,2,True,17,0.900072,11571254,4481194
OptimalDualPivotQuicksort,539324,2,2,False,10,1.582756,11422968,4436836
OptimalDualPivotQuicksort,539324,2,2,True,17,1.365971,11274012,4481194
YaroslavskiyQuicksort,539324,1,2,True,17,0.822539,11460944,4670419
ThreePivotQuicksort,539324,1,3,True,13,3.637105,16072320,4714552
MPivotQuicksort,539324,1,3,True,13,1.389850,12644016,5082916
HeapOptimizedMPivotQuicksort,539324,1,3,True,13,2.323148,16877712,7013323
MPivotQuicksort,539324,1,4,True,13,1.155549,13677615,4693055
HeapOptimizedMPivotQuicksort,539324,1,4,True,13,2.415880,17425092,6359058
MPivotQuicksort,539324,1,5,True,13,1.324447,13859800,4826382
HeapOptimizedMPivotQuicksort,539324,1,5,True,13,2.183747,17636532,6047054
MPivotQuicksort,539324,1,6,True,13,1.161091,15230035,4683538
HeapOptimizedMPivotQuicksort,539324,1,6,True,13,6.463606,18299194,5963600
Name,Length,Median Selection,Num Pivots,Used Insertion Sort,Insertion Sort Threshold,Time,Comparisons,Swaps
ClassicQuicksort,56175,1,1,False,10,0.142220,1079255,598988
ClassicQuicksort,56175,1,1,True,17,0.943088,1119496,645988
ClassicQuicksort,56175,2,1,False,10,0.559734,1060068,614126
ClassicQuicksort,56175,2,1,True,17,0.260682,1099689,637889
ClassicQuicksort,56175,3,1,False,10,0.149330,973287,559571
ClassicQuicksort,56175,3,1,True,17,0.198208,986825,575920
DualPivotQuicksort,56175,1,2,False,10,0.493978,1029506,383114
DualPivotQuicksort,56175,1,2,True,17,0.154894,1047053,418342
OptimalDualPivotQuicksort,56175,1,2,False,10,0.196554,1007558,383114
OptimalDualPivotQuicksort,56175,1,2,True,17,0.408675,1026051,418342
DualPivotQuicksort,56175,2,2,False,10,0.182481,995066,435656
DualPivotQuicksort,56175,2,2,True,17,0.390222,979835,439777
OptimalDualPivotQuicksort,56175,2,2,False,10,0.499437,977230,435656
OptimalDualPivotQuicksort,56175,2,2,True,17,0.580912,961695,439777
YaroslavskiyQuicksort,56175,1,2,True,17,1.633644,990059,405109
ThreePivotQuicksort,56175,1,3,True,13,0.641224,1347063,430520
MPivotQuicksort,56175,1,3,True,13,0.298335,1124203,440166
HeapOptimizedMPivotQuicksort,56175,1,3,True,13,0.698204,1436986,609313
MPivotQuicksort,56175,1,4,True,13,0.236622,1174075,418791
HeapOptimizedMPivotQuicksort,56175,1,4,True,13,0.632736,1450094,566839
MPivotQuicksort,56175,1,5,True,13,0.659853,1271953,421860
HeapOptimizedMPivotQuicksort,56175,1,5,True,13,1.228430,1523672,525551
MPivotQuicksort,56175,1,6,True,13,0.236852,1337013,427191
HeapOptimizedMPivotQuicksort,56175,1,6,True,13,2.885693,1577456,514974
Name,Length,Median Selection,Num Pivots,Used Insertion Sort,Insertion Sort Threshold,Time,Comparisons,Swaps
ClassicQuicksort,5851,1,1,False,10,1.960128,85977,46633
ClassicQuicksort,5851,1,1,True,17,2.509951,90457,51791
ClassicQuicksort,5851,2,1,False,10,1.180199,79930,48653
ClassicQuicksort,5851,2,1,True,17,0.097587,84357,51357
ClassicQuicksort,5851,3,1,False,10,0.519831,77988,45869
ClassicQuicksort,5851,3,1,True,17,1.246451,79765,47956
DualPivotQuicksort,5851,1,2,False,10,0.939785,83354,33768
DualPivotQuicksort,5851,1,2,True,17,0.089541,85429,37508
OptimalDualPivotQuicksort,5851,1,2,False,10,5.012379,80917,33768
OptimalDualPivotQuicksort,5851,1,2,True,17,0.053925,83110,37508
DualPivotQuicksort,5851,2,2,False,10,0.453447,80585,36214
DualPivotQuicksort,5851,2,2,True,17,0.031546,79054,36698
OptimalDualPivotQuicksort,5851,2,2,False,10,0.120152,79411,36214
OptimalDualPivotQuicksort,5851,2,2,True,17,0.011676,77833,36698
YaroslavskiyQuicksort,5851,1,2,True,17,0.473117,80424,35699
ThreePivotQuicksort,5851,1,3,True,13,1.001162,108508,35617
MPivotQuicksort,5851,1,3,True,13,0.014784,88357,39680
HeapOptimizedMPivotQuicksort,5851,1,3,True,13,1.289120,114425,51240
MPivotQuicksort,5851,1,4,True,13,0.544257,92383,36914
HeapOptimizedMPivotQuicksort,5851,1,4,True,13,0.205062,116470,47321
MPivotQuicksort,5851,1,5,True,13,0.120428,98685,37390
HeapOptimizedMPivotQuicksort,5851,1,5,True,13,1.332918,119840,45382
MPivotQuicksort,5851,1,6,True,13,0.018116,104740,38966
HeapOptimizedMPivotQuicksort,5851,1,6,True,13,0.418000,121829,43837
Name,Length,Median Selection,Num Pivots,Used Insertion Sort,Insertion Sort Threshold,Time,Comparisons,Swaps
ClassicQuicksort,6,1,1,False,10,0.000189,9,5
ClassicQuicksort,6,1,1,True,17,0.000060,10,7
ClassicQuicksort,6,2,1,False,10,0.000099,10,11
ClassicQuicksort,6,2,1,True,17,0.000058,10,7
ClassicQuicksort,6,3,1,False,10,0.000205,12,9
ClassicQuicksort,6,3,1,True,17,0.000061,10,7
DualPivotQuicksort,6,1,2,False,10,0.000079,10,6
DualPivotQuicksort,6,1,2,True,17,0.000054,10,7
OptimalDualPivotQuicksort,6,1,2,False,10,0.000073,10,6
OptimalDualPivotQuicksort,6,1,2,True,17,0.000044,10,7
DualPivotQuicksort,6,2,2,False,10,0.000192,17,12
DualPivotQuicksort,6,2,2,True,17,0.000064,10,7
OptimalDualPivotQuicksort,6,2,2,False,10,0.000161,17,12
OptimalDualPivotQuicksort,6,2,2,True,17,0.000043,10,7
YaroslavskiyQuicksort,6,1,2,True,17,0.000078,10,7
ThreePivotQuicksort,6,1,3,True,13,0.000090,10,7
MPivotQuicksort,6,1,3,True,13,0.000069,10,7
HeapOptimizedMPivotQuicksort,6,1,3,True,13,0.000044,10,7
MPivotQuicksort,6,1,4,True,13,0.000042,10,7
HeapOptimizedMPivotQuicksort,6,1,4,True,13,0.000038,10,7
MPivotQuicksort,6,1,5,True,13,0.000037,10,7
HeapOptimizedMPivotQuicksort,6,1,5,True,13,0.000050,10,7
MPivotQuicksort,6,1,6,True,13,0.000040,10,7
HeapOptimizedMPivotQuicksort,6,1,6,True,13,0.000048,10,7
Name,Length,Median Selection,Num Pivots,Used Insertion Sort,Insertion Sort Threshold,Time,Comparisons,Swaps
ClassicQuicksort,609,1,1,False,10,0.006944,7203,4276
ClassicQuicksort,609,1,1,True,17,0.004768,7580,4693
ClassicQuicksort,609,2,1,False,10,0.011652,5925,3547
ClassicQuicksort,609,2,1,True,17,0.016272,6450,3890
ClassicQuicksort,609,3,1,False,10,0.046340,6565,4047
ClassicQuicksort,609,3,1,True,17,0.023621,6755,4259
DualPivotQuicksort,609,1,2,False,10,0.021132,6215,2353
DualPivotQuicksort,609,1,2,True,17,0.037336,6403,2710
OptimalDualPivotQuicksort,609,1,2,False,10,0.070696,6006,2353
OptimalDualPivotQuicksort,609,1,2,True,17,0.031162,6195,2710
DualPivotQuicksort,609,2,2,False,10,0.061241,6271,2804
DualPivotQuicksort,609,2,2,True,17,0.009516,6172,2951
OptimalDualPivotQuicksort,609,2,2,False,10,0.051475,6114,2804
OptimalDualPivotQuicksort,609,2,2,True,17,0.066461,6017,2951
YaroslavskiyQuicksort,609,1,2,True,17,0.056796,6141,2608
ThreePivotQuicksort,609,1,3,True,13,0.103056,7913,2671
MPivotQuicksort,609,1,3,True,13,0.009474,6952,3156
HeapOptimizedMPivotQuicksort,609,1,3,True,13,0.007669,8204,3782
MPivotQuicksort,609,1,4,True,13,0.310591,7087,3256
HeapOptimizedMPivotQuicksort,609,1,4,True,13,0.052571,8841,3798
MPivotQuicksort,609,1,5,True,13,1.524364,7663,3246
HeapOptimizedMPivotQuicksort,609,1,5,True,13,0.269375,8800,3691
MPivotQuicksort,609,1,6,True,13,0.005549,8366,3187
HeapOptimizedMPivotQuicksort,609,1,6,True,13,0.187806,9531,3650
Name,Length,Median Selection,Num Pivots,Used Insertion Sort,Insertion Sort Threshold,Time,Comparisons,Swaps
ClassicQuicksort,63,1,1,False,10,0.000601,356,198
ClassicQuicksort,63,1,1,True,17,0.000544,413,272
ClassicQuicksort,63,2,1,False,10,0.020057,339,210
ClassicQuicksort,63,2,1,True,17,0.000592,365,216
ClassicQuicksort,63,3,1,False,10,0.001297,393,249
ClassicQuicksort,63,3,1,True,17,0.000783,400,254
DualPivotQuicksort,63,1,2,False,10,0.002317,383,148
DualPivotQuicksort,63,1,2,True,17,0.002380,430,239
OptimalDualPivotQuicksort,63,1,2,False,10,0.006426,373,148
OptimalDualPivotQuicksort,63,1,2,True,17,0.000636,420,239
DualPivotQuicksort,63,2,2,False,10,0.001330,409,227
DualPivotQuicksort,63,2,2,True,17,0.002423,393,231
OptimalDualPivotQuicksort,63,2,2,False,10,0.001442,410,227
OptimalDualPivotQuicksort,63,2,2,True,17,0.000779,395,231
YaroslavskiyQuicksort,63,1,2,True,17,0.000785,399,273
ThreePivotQuicksort,63,1,3,True,13,0.001744,482,199
MPivotQuicksort,63,1,3,True,13,0.000956,430,243
HeapOptimizedMPivotQuicksort,63,1,3,True,13,0.000617,523,269
MPivotQuicksort,63,1,4,True,13,0.001845,504,259
HeapOptimizedMPivotQuicksort,63,1,4,True,13,0.000891,556,268
MPivotQuicksort,63,1,5,True,13,0.000594,453,207
HeapOptimizedMPivotQuicksort,63,1,5,True,13,0.001606,603,288
MPivotQuicksort,63,1,6,True,13,0.000549,530,309
HeapOptimizedMPivotQuicksort,63,1,6,True,13,0.001394,557,275
Name,Length,Median Selection,Num Pivots,Used Insertion Sort,Insertion Sort Threshold,Time,Comparisons,Swaps
ClassicQuicksort,6657248,1,1,False,10,9.470087,183069043,92373476
ClassicQuicksort,6657248,1,1,True,17,9.754817,187792990,97952008
ClassicQuicksort,6657248,2,1,False,10,12.143275,188451376,102806669
ClassicQuicksort,6657248,2,1,True,17,11.802027,193174053,105746838
ClassicQuicksort,6657248,3,1,False,10,10.039823,168789539,93154068
ClassicQuicksort,6657248,3,1,True,17,8.522845,170436147,95154709
DualPivotQuicksort,6657248,1,2,False,10,10.763563,177388531,63556618
DualPivotQuicksort,6657248,1,2,True,17,6.526075,179530529,67695417
OptimalDualPivotQuicksort,6657248,1,2,False,10,10.619892,173013773,63556618
OptimalDualPivotQuicksort,6657248,1,2,True,17,9.608565,175266347,67695417
DualPivotQuicksort,6657248,2,2,False,10,8.515552,170471522,65684269
DualPivotQuicksort,6657248,2,2,True,17,7.645687,168637407,66219608
OptimalDualPivotQuicksort,6657248,2,2,False,10,9.786044,167601726,65684269
OptimalDualPivotQuicksort,6657248,2,2,True,17,9.338453,165733776,66219608
YaroslavskiyQuicksort,6657248,1,2,True,17,7.094393,175395320,65144580
ThreePivotQuicksort,6657248,1,3,True,13,21.281894,237772695,65658004
MPivotQuicksort,6657248,1,3,True,13,9.212849,187099207,73556090
HeapOptimizedMPivotQuicksort,6657248,1,3,True,13,16.932605,253497341,103123155
MPivotQuicksort,6657248,1,4,True,13,9.072929,197334029,68123934
HeapOptimizedMPivotQuicksort,6657248,1,4,True,13,15.869758,252770201,96918800
MPivotQuicksort,6657248,1,5,True,13,10.965405,216162137,67158704
HeapOptimizedMPivotQuicksort,6657248,1,5,True,13,10.427584,262045636,89487536
MPivotQuicksort,6657248,1,6,True,13,6.031365,224846985,67260012
HeapOptimizedMPivotQuicksort,6657248,1,6,True,13,7.737791,266364605,85637154
Name,Length,Median Selection,Num Pivots,Used Insertion Sort,Insertion Sort Threshold,Time,Comparisons,Swaps
ClassicQuicksort,693417,1,1,False,10,5.724479,16630145,8790645
ClassicQuicksort,693417,1,1,True,17,6.528757,17123601,9371230
ClassicQuicksort,693417,2,1,False,10,7.899810,16812476,9491331
ClassicQuicksort,693417,2,1,True,17,2.950666,17304461,9795983
ClassicQuicksort,693417,3,1,False,10,1.488618,14777250,7893817
ClassicQuicksort,693417,3,1,True,17,1.348561,14952838,8106506
DualPivotQuicksort,693417,1,2,False,10,1.517425,15839831,5863931
DualPivotQuicksort,693417,1,2,True,17,1.411972,16062842,6294393
OptimalDualPivotQuicksort,693417,1,2,False,10,4.426980,15471130,5863931
OptimalDualPivotQuicksort,693417,1,2,True,17,4.418473,15705489,6294393
DualPivotQuicksort,693417,2,2,False,10,3.278336,15207978,5892324
DualPivotQuicksort,693417,2,2,True,17,6.449461,15018867,5948674
OptimalDualPivotQuicksort,693417,2,2,False,10,6.202045,14946623,5892324
OptimalDualPivotQuicksort,693417,2,2,True,17,2.341782,14754233,5948674
YaroslavskiyQuicksort,693417,1,2,True,17,2.206520,15299314,5840917
ThreePivotQuicksort,693417,1,3,True,13,4.450033,20800494,6084542
MPivotQuicksort,693417,1,3,True,13,1.545853,16635650,6530838
HeapOptimizedMPivotQuicksort,693417,1,3,True,13,2.988717,22443040,9140509
MPivotQuicksort,693417,1,4,True,13,1.334479,18185412,6035144
HeapOptimizedMPivotQuicksort,693417,1,4,True,13,2.691793,22535232,8393494
MPivotQuicksort,693417,1,5,True,13,1.499463,18232972,6252486
HeapOptimizedMPivotQuicksort,693417,1,5,True,13,2.834126,22719066,8078570
MPivotQuicksort,693417,1,6,True,13,1.460386,19766106,6131400
HeapOptimizedMPivotQuicksort,693417,1,6,True,13,3.199786,23689358,7675163
Name,Length,Median Selection,Num Pivots,Used Insertion Sort,Insertion Sort Threshold,Time,Comparisons,Swaps
ClassicQuicksort,72226,1,1,False,10,0.648245,1416411,759605
ClassicQuicksort,72226,1,1,True,17,0.376522,1468062,819574
ClassicQuicksort,72226,2,1,False,10,0.458707,1364507,740048
ClassicQuicksort,72226,2,1,True,17,0.192560,1416653,772537
ClassicQuicksort,72226,3,1,False,10,0.185515,1272200,684461
ClassicQuicksort,72226,3,1,True,17,0.309441,1289616,705899
DualPivotQuicksort,72226,1,2,False,10,0.892376,1316510,491328
DualPivotQuicksort,72226,1,2,True,17,0.318656,1339462,535028
OptimalDualPivotQuicksort,72226,1,2,False,10,0.517082,1283909,491328
OptimalDualPivotQuicksort,72226,1,2,True,17,0.801437,1307993,535028
DualPivotQuicksort,72226,2,2,False,10,0.163439,1296228,525328
DualPivotQuicksort,72226,2,2,True,17,0.283054,1275682,530695
OptimalDualPivotQuicksort,72226,2,2,False,10,0.359083,1265588,525328
OptimalDualPivotQuicksort,72226,2,2,True,17,0.145536,1244608,530695
YaroslavskiyQuicksort,72226,1,2,True,17,0.143271,1303965,509553
ThreePivotQuicksort,72226,1,3,True,13,0.737880,1792923,548149
MPivotQuicksort,72226,1,3,True,13,0.165527,1422542,564689
HeapOptimizedMPivotQuicksort,72226,1,3,True,13,0.358592,1934729,798593
MPivotQuicksort,72226,1,4,True,13,0.176811,1560425,567405
HeapOptimizedMPivotQuicksort,72226,1,4,True,13,0.260383,1881469,744304
MPivotQuicksort,72226,1,5,True,13,0.124001,1590486,563131
HeapOptimizedMPivotQuicksort,72226,1,5,True,13,0.283563,2015291,696867
MPivotQuicksort,72226,1,6,True,13,0.124481,1678241,565731
HeapOptimizedMPivotQuicksort,72226,1,6,True,13,0.266195,2006882,697059
Name,Length,Median Selection,Num Pivots,Used Insertion Sort,Insertion Sort Threshold,Time,Comparisons,Swaps
ClassicQuicksort,7523,1,1,False,10,1.399715,115793,58318
ClassicQuicksort,7523,1,1,True,17,0.620101,120945,64375
ClassicQuicksort,7523,2,1,False,10,0.113325,111238,67617
ClassicQuicksort,7523,2,1,True,17,1.007809,116674,71106
ClassicQuicksort,7523,3,1,False,10,0.029164,106741,62287
ClassicQuicksort,7523,3,1,True,17,0.044081,108304,64125
DualPivotQuicksort,7523,1,2,False,10,0.325141,108300,42032
DualPivotQuicksort,7523,1,2,True,17,0.072815,110629,46560
OptimalDualPivotQuicksort,7523,1,2,False,10,0.035616,106033,42032
OptimalDualPivotQuicksort,7523,1,2,True,17,0.123549,108495,46560
DualPivotQuicksort,7523,2,2,False,10,0.458268,107916,44540
DualPivotQuicksort,7523,2,2,True,17,0.088645,105653,45009
OptimalDualPivotQuicksort,7523,2,2,False,10,0.228272,105710,44540
OptimalDualPivotQuicksort,7523,2,2,True,17,0.076564,103402,45009
YaroslavskiyQuicksort,7523,1,2,True,17,1.300899,108542,46065
ThreePivotQuicksort,7523,1,3,True,13,0.406358,141983,46989
MPivotQuicksort,7523,1,3,True,13,0.137413,118644,51808
HeapOptimizedMPivotQuicksort,7523,1,3,True,13,0.138801,156994,65230
MPivotQuicksort,7523,1,4,True,13,0.174878,135157,50559
HeapOptimizedMPivotQuicksort,7523,1,4,True,13,0.198235,167784,66491
MPivotQuicksort,7523,1,5,True,13,0.040994,131280,48354
HeapOptimizedMPivotQuicksort,7523,1,5,True,13,0.184655,162798,59177
MPivotQuicksort,7523,1,6,True,13,0.073496,143908,50862
HeapOptimizedMPivotQuicksort,7523,1,6,True,13,0.129865,164190,57932
Name,Length,Median Selection,Num Pivots,Used Insertion Sort,Insertion Sort Threshold,Time,Comparisons,Swaps
ClassicQuicksort,783,1,1,False,10,0.001686,7950,4932
ClassicQuicksort,783,1,1,True,17,0.001692,8418,5481
ClassicQuicksort,783,2,1,False,10,0.002509,7707,4905
ClassicQuicksort,783,2,1,True,17,0.001473,8206,5121
ClassicQuicksort,783,3,1,False,10,0.005592,7709,4706
ClassicQuicksort,783,3,1,True,17,0.005135,7913,4939
DualPivotQuicksort,783,1,2,False,10,0.002366,8726,3341
DualPivotQuicksort,783,1,2,True,17,0.001052,8873,3687
OptimalDualPivotQuicksort,783,1,2,False,10,0.014896,8599,3341
OptimalDualPivotQuicksort,783,1,2,True,17,0.032804,8770,3687
DualPivotQuicksort,783,2,2,False,10,0.003520,7931,3895
DualPivotQuicksort,783,2,2,True,17,0.000827,7684,3884
OptimalDualPivotQuicksort,783,2,2,False,10,0.008801,7879,3895
OptimalDualPivotQuicksort,783,2,2,True,17,0.001030,7627,3884
YaroslavskiyQuicksort,783,1,2,True,17,0.185459,7875,3646
ThreePivotQuicksort,783,1,3,True,13,0.269858,10853,3781
MPivotQuicksort,783,1,3,True,13,0.030975,9038,4080
HeapOptimizedMPivotQuicksort,783,1,3,True,13,0.035781,11668,5087
MPivotQuicksort,783,1,4,True,13,0.014646,9518,4009
HeapOptimizedMPivotQuicksort,783,1,4,True,13,0.023700,12000,5103
MPivotQuicksort,783,1,5,True,13,0.030579,10164,4298
HeapOptimizedMPivotQuicksort,783,1,5,True,13,0.031212,12372,4821
MPivotQuicksort,783,1,6,True,13,0.018038,11160,4353
HeapOptimizedMPivotQuicksort,783,1,6,True,13,0.008146,12192,4795
Name,Length,Median Selection,Num Pivots,Used Insertion Sort,Insertion Sort Threshold,Time,Comparisons,Swaps
ClassicQuicksort,8,1,1,False,10,0.000132,15,11
ClassicQuicksort,8,1,1,True,17,0.000093,21,17
ClassicQuicksort,8,2,1,False,10,0.000137,18,17
ClassicQuicksort,8,2,1,True,17,0.000085,21,17
ClassicQuicksort,8,3,1,False,10,0.000182,21,18
ClassicQuicksort,8,3,1,True,17,0.000078,21,17
DualPivotQuicksort,8,1,2,False,10,0.000107,18,14
DualPivotQuicksort,8,1,2,True,17,0.000049,21,17
OptimalDualPivotQuicksort,8,1,2,False,10,0.000102,18,14
OptimalDualPivotQuicksort,8,1,2,True,17,0.000071,21,17
DualPivotQuicksort,8,2,2,False,10,0.000131,26,20
DualPivotQuicksort,8,2,2,True,17,0.000058,21,17
OptimalDualPivotQuicksort,8,2,2,False,10,0.000136,26,20
OptimalDualPivotQuicksort,8,2,2,True,17,0.000042,21,17
YaroslavskiyQuicksort,8,1,2,True,17,0.000087,21,17
ThreePivotQuicksort,8,1,3,True,13,0.000145,21,17
MPivotQuicksort,8,1,3,True,13,0.000048,21,17
HeapOptimizedMPivotQuicksort,8,1,3,True,13,0.000069,21,17
MPivotQuicksort,8,1,4,True,13,0.000044,21,17
HeapOptimizedMPivotQuicksort,8,1,4,True,13,0.000047,21,17
MPivotQuicksort,8,1,5,True,13,0.000065,21,17
HeapOptimizedMPivotQuicksort,8,1,5,True,13,0.000056,21,17
MPivotQuicksort,8,1,6,True,13,0.000052,21,17
HeapOptimizedMPivotQuicksort,8,1,6,True,13,0.000050,21,17
Name,Length,Median Selection,Num Pivots,Used Insertion Sort,Insertion Sort Threshold,Time,Comparisons,Swaps
ClassicQuicksort,81,1,1,False,10,0.003675,452,291
ClassicQuicksort,81,1,1,True,17,0.008385,554,391
ClassicQuicksort,81,2,1,False,10,0.009141,447,287
ClassicQuicksort,81,2,1,True,17,0.004687,505,325
ClassicQuicksort,81,3,1,False,10,0.003815,508,308
ClassicQuicksort,81,3,1,True,17,0.006539,556,377
DualPivotQuicksort,81,1,2,False,10,0.002868,465,227
DualPivotQuicksort,81,1,2,True,17,0.005738,515,310
OptimalDualPivotQuicksort,81,1,2,False,10,0.001464,466,227
OptimalDualPivotQuicksort,81,1,2,True,17,0.001141,518,310
DualPivotQuicksort,81,2,2,False,10,0.002481,515,268
DualPivotQuicksort,81,2,2,True,17,0.001452,467,234
OptimalDualPivotQuicksort,81,2,2,False,10,0.003849,517,268
OptimalDualPivotQuicksort,81,2,2,True,17,0.002075,470,234
YaroslavskiyQuicksort,81,1,2,True,17,0.007712,520,307
ThreePivotQuicksort,81,1,3,True,13,0.005327,630,272
MPivotQuicksort,81,1,3,True,13,0.005891,572,323
HeapOptimizedMPivotQuicksort,81,1,3,True,13,0.011281,684,351
MPivotQuicksort,81,1,4,True,13,0.009111,646,312
HeapOptimizedMPivotQuicksort,81,1,4,True,13,0.010885,730,367
MPivotQuicksort,81,1,5,True,13,0.003719,555,298
HeapOptimizedMPivotQuicksort,81,1,5,True,13,0.004561,761,354
MPivotQuicksort,81,1,6,True,13,0.004929,777,475
HeapOptimizedMPivotQuicksort,81,1,6,True,13,0.005517,805,381
Name,Length,Median Selection,Num Pivots,Used Insertion Sort,Insertion Sort Threshold,Time,Comparisons,Swaps
ClassicQuicksort,8559319,1,1,False,10,4.736585,242333662,124466684
ClassicQuicksort,8559319,1,1,True,17,4.761255,248424141,131647681
ClassicQuicksort,8559319,2,1,False,10,8.282429,242113146,132825189
ClassicQuicksort,8559319,2,1,True,17,7.199967,248198424,136618867
ClassicQuicksort,8559319,3,1,False,10,6.734029,217217435,119126651
ClassicQuicksort,8559319,3,1,True,17,9.749468,219334140,121708955
DualPivotQuicksort,8559319,1,2,False,10,6.442136,235530397,86231083
DualPivotQuicksort,8559319,1,2,True,17,4.923574,238284302,91549696
OptimalDualPivotQuicksort,8559319,1,2,False,10,6.524894,229606742,86231083
OptimalDualPivotQuicksort,8559319,1,2,True,17,5.194136,232501398,91549696
DualPivotQuicksort,8559319,2,2,False,10,6.545050,229682908,83501798
DualPivotQuicksort,8559319,2,2,True,17,5.058402,227321950,84189277
OptimalDualPivotQuicksort,8559319,2,2,False,10,7.465668,224102407,83501798
OptimalDualPivotQuicksort,8559319,2,2,True,17,5.408283,221696824,84189277
YaroslavskiyQuicksort,8559319,1,2,True,17,5.632553,223595858,83838449
ThreePivotQuicksort,8559319,1,3,True,13,12.483309,312604680,87929554
MPivotQuicksort,8559319,1,3,True,13,6.722762,250934313,96440275
HeapOptimizedMPivotQuicksort,8559319,1,3,True,13,9.697347,333867554,134074973
MPivotQuicksort,8559319,1,4,True,13,7.236785,266612037,90732492
HeapOptimizedMPivotQuicksort,8559319,1,4,True,13,8.981666,334447440,124854136
MPivotQuicksort,8559319,1,5,True,13,7.619460,279448656,86950333
HeapOptimizedMPivotQuicksort,8559319,1,5,True,13,8.398228,338717644,114864384
MPivotQuicksort,8559319,1,6,True,13,7.828967,293512333,88042253
HeapOptimizedMPivotQuicksort,8559319,1,6,True,13,8.302087,350610460,112421419
Name,Length,Median Selection,Num Pivots,Used Insertion Sort,Insertion Sort Threshold,Time,Comparisons,Swaps
ClassicQuicksort,891536,1,1,False,10,3.139136,21655459,11419099
ClassicQuicksort,891536,1,1,True,17,4.964857,22289246,12164684
ClassicQuicksort,891536,2,1,False,10,5.113400,22283016,12068709
ClassicQuicksort,891536,2,1,True,17,5.397107,22917467,12464901
ClassicQuicksort,891536,3,1,False,10,2.086063,19523695,10617263
ClassicQuicksort,891536,3,1,True,17,1.806949,19745772,10885409
DualPivotQuicksort,891536,1,2,False,10,1.652314,20824785,7256065
DualPivotQuicksort,891536,1,2,True,17,1.748599,21113219,7807685
OptimalDualPivotQuicksort,891536,1,2,False,10,3.132951,20332292,7256065
OptimalDualPivotQuicksort,891536,1,2,True,17,2.665332,20635468,7807685
DualPivotQuicksort,891536,2,2,False,10,2.069171,19907322,8137566
DualPivotQuicksort,891536,2,2,True,17,1.927587,19664034,8209898
OptimalDualPivotQuicksort,891536,2,2,False,10,2.745904,19614152,8137566
OptimalDualPivotQuicksort,891536,2,2,True,17,2.687897,19366119,8209898
YaroslavskiyQuicksort,891536,1,2,True,17,1.603060,19638870,7710111
ThreePivotQuicksort,891536,1,3,True,13,6.057683,27376089,8031766
MPivotQuicksort,891536,1,3,True,13,2.101499,21745358,8399799
HeapOptimizedMPivotQuicksort,891536,1,3,True,13,4.009323,29678139,12133787
MPivotQuicksort,891536,1,4,True,13,2.131790,23919677,7909382
HeapOptimizedMPivotQuicksort,891536,1,4,True,13,4.052679,29847798,10969431
MPivotQuicksort,891536,1,5,True,13,4.541304,24888620,7955716
HeapOptimizedMPivotQuicksort,891536,1,5,True,13,3.784950,31333547,10628993
MPivotQuicksort,891536,1,6,True,13,1.450059,25695376,7979214
HeapOptimizedMPivotQuicksort,891536,1,6,True,13,3.027415,30488766,10155403
Name,Length,Median Selection,Num Pivots,Used Insertion Sort,Insertion Sort Threshold,Time,Comparisons,Swaps
ClassicQuicksort,92862,1,1,False,10,2.329901,1832116,946187
ClassicQuicksort,92862,1,1,True,17,1.666419,1898563,1024653
ClassicQuicksort,92862,2,1,False,10,2.070530,1843434,968062
ClassicQuicksort,92862,2,1,True,17,1.801396,1908943,1008809
ClassicQuicksort,92862,3,1,False,10,0.369604,1705806,909544
ClassicQuicksort,92862,3,1,True,17,0.388947,1730311,938587
DualPivotQuicksort,92862,1,2,False,10,0.392705,1752376,667934
DualPivotQuicksort,92862,1,2,True,17,0.129646,1782062,725273
OptimalDualPivotQuicksort,92862,1,2,False,10,0.386048,1702582,667934
OptimalDualPivotQuicksort,92862,1,2,True,17,0.685159,1733789,725273
DualPivotQuicksort,92862,2,2,False,10,0.347251,1739269,672850
DualPivotQuicksort,92862,2,2,True,17,0.240770,1713611,680189
OptimalDualPivotQuicksort,92862,2,2,False,10,0.766416,1698832,672850
OptimalDualPivotQuicksort,92862,2,2,True,17,0.318886,1672698,680189
YaroslavskiyQuicksort,92862,1,2,True,17,2.467098,1699116,692930
ThreePivotQuicksort,92862,1,3,True,13,2.164255,2304758,702915
MPivotQuicksort,92862,1,3,True,13,0.344337,1974775,726817
HeapOptimizedMPivotQuicksort,92862,1,3,True,13,1.052924,2623126,1067973
MPivotQuicksort,92862,1,4,True,13,0.838834,1998153,742849
HeapOptimizedMPivotQuicksort,92862,1,4,True,13,0.724175,2507714,955314
MPivotQuicksort,92862,1,5,True,13,0.623759,2159365,717265
HeapOptimizedMPivotQuicksort,92862,1,5,True,13,1.477983,2550803,927399
MPivotQuicksort,92862,1,6,True,13,0.575431,2253412,737397
HeapOptimizedMPivotQuicksort,92862,1,6,True,13,0.744288,2667108,903373
Name,Length,Median Selection,Num Pivots,Used Insertion Sort,Insertion Sort Threshold,Time,Comparisons,Swaps
ClassicQuicksort,9672,1,1,False,10,0.027396,155870,81254
ClassicQuicksort,9672,1,1,True,17,0.460638,162802,89263
ClassicQuicksort,9672,2,1,False,10,0.046166,147689,81801
ClassicQuicksort,9672,2,1,True,17,0.047637,154393,85830
ClassicQuicksort,9672,3,1,False,10,0.309401,150716,78556
ClassicQuicksort,9672,3,1,True,17,0.016672,153255,81693
DualPivotQuicksort,9672,1,2,False,10,0.014435,146616,58662
DualPivotQuicksort,9672,1,2,True,17,0.011131,149947,64887
OptimalDualPivotQuicksort,9672,1,2,False,10,0.029713,142841,58662
OptimalDualPivotQuicksort,9672,1,2,True,17,0.015097,146346,64887
DualPivotQuicksort,9672,2,2,False,10,0.039931,146774,56352
DualPivotQuicksort,9672,2,2,True,17,0.010231,144116,57164
OptimalDualPivotQuicksort,9672,2,2,False,10,0.019944,142247,56352
OptimalDualPivotQuicksort,9672,2,2,True,17,0.087078,139507,57164
YaroslavskiyQuicksort,9672,1,2,True,17,0.249959,140967,61191
ThreePivotQuicksort,9672,1,3,True,13,0.080111,191221,61080
MPivotQuicksort,9672,1,3,True,13,0.013397,159908,65922
HeapOptimizedMPivotQuicksort,9672,1,3,True,13,0.032470,212325,89188
MPivotQuicksort,9672,1,4,True,13,0.010530,160976,65101
HeapOptimizedMPivotQuicksort,9672,1,4,True,13,0.021575,206804,83437
MPivotQuicksort,9672,1,5,True,13,0.016771,173499,63386
HeapOptimizedMPivotQuicksort,9672,1,5,True,13,0.173766,212977,78093
MPivotQuicksort,9672,1,6,True,13,0.085279,178304,66397
HeapOptimizedMPivotQuicksort,9672,1,6,True,13,0.048191,220700,77054
